2026-08-22 00:10:17,139 INFO orchestrator | Market closed; skipping decision cycle.
2026-08-22 01:02:31,415 INFO orchestrator | Market closed; skipping decision cycle.
2026-08-22 01:54:45,173 INFO orchestrator | Market closed; skipping decision cycle.
2026-08-22 02:46:59,405 INFO orchestrator | Market closed; skipping decision cycle.
2026-08-22 03:39:13,553 INFO orchestrator | Market closed; skipping decision cycle.
2026-08-22 04:31:27,440 INFO orchestrator | Market closed; skipping decision cycle.
2026-08-22 05:23:41,642 INFO orchestrator | Market closed; skipping decision cycle.
2026-08-22 06:15:55,340 INFO orchestrator | Market closed; skipping decision cycle.
2026-08-22 06:51:09,132 ERROR orchestrator | Watchdog tick failed; continuing.
Traceback (most recent call last):
  File "/Users/spusapati/Personal/Investment_stratergy/.venv/lib/python3.13/site-packages/alpaca/common/rest.py", line 198, in _one_request
    response.raise_for_status()
    ~~~~~~~~~~~~~~~~~~~~~~~~~^^
  File "/Users/spusapati/Personal/Investment_stratergy/.venv/lib/python3.13/site-packages/requests/models.py", line 1167, in raise_for_status
    raise HTTPError(http_error_msg, response=self)
requests.exceptions.HTTPError: 503 Server Error: Service Temporarily Unavailable for url: https://paper-api.alpaca.markets/v2/account

During handling of the above exception, another exception occurred:

Traceback (most recent call last):
  File "/Users/spusapati/Personal/Investment_stratergy/investment_strategy/orchestrator.py", line 353, in _watchdog_loop
    self.watchdog.check_once()
    ~~~~~~~~~~~~~~~~~~~~~~~~^^
  File "/Users/spusapati/Personal/Investment_stratergy/investment_strategy/monitor/watchdog.py", line 91, in check_once
    account = self.broker.get_account()
  File "/Users/spusapati/Personal/Investment_stratergy/investment_strategy/execution/alpaca_client.py", line 162, in get_account
    snap = self._read_account_once()
  File "/Users/spusapati/Personal/Investment_stratergy/investment_strategy/execution/alpaca_client.py", line 199, in _read_account_once
    a = _retry_read(self.trading.get_account, what="get_account")
  File "/Users/spusapati/Personal/Investment_stratergy/investment_strategy/execution/alpaca_client.py", line 117, in _retry_read
    return fn()
  File "/Users/spusapati/Personal/Investment_stratergy/.venv/lib/python3.13/site-packages/alpaca/trading/client.py", line 474, in get_account
    response = self.get("/account")
  File "/Users/spusapati/Personal/Investment_stratergy/.venv/lib/python3.13/site-packages/alpaca/common/rest.py", line 225, in get
    return self._request("GET", path, data, **kwargs)
           ~~~~~~~~~~~~~^^^^^^^^^^^^^^^^^^^^^^^^^^^^^
  File "/Users/spusapati/Personal/Investment_stratergy/.venv/lib/python3.13/site-packages/alpaca/common/rest.py", line 131, in _request
    return self._one_request(method, url, opts, retry)
           ~~~~~~~~~~~~~~~~~^^^^^^^^^^^^^^^^^^^^^^^^^^
  File "/Users/spusapati/Personal/Investment_stratergy/.venv/lib/python3.13/site-packages/alpaca/common/rest.py", line 207, in _one_request
    raise APIError(error, http_error)
alpaca.common.exceptions.APIError: {"message": "service temporary unavailable."}

2026-08-22 06:51:40,061 ERROR orchestrator | Watchdog tick failed; continuing.
Traceback (most recent call last):
  File "/Users/spusapati/Personal/Investment_stratergy/.venv/lib/python3.13/site-packages/alpaca/common/rest.py", line 198, in _one_request
    response.raise_for_status()
    ~~~~~~~~~~~~~~~~~~~~~~~~~^^
  File "/Users/spusapati/Personal/Investment_stratergy/.venv/lib/python3.13/site-packages/requests/models.py", line 1167, in raise_for_status
    raise HTTPError(http_error_msg, response=self)
requests.exceptions.HTTPError: 503 Server Error: Service Temporarily Unavailable for url: https://paper-api.alpaca.markets/v2/account

During handling of the above exception, another exception occurred:

Traceback (most recent call last):
  File "/Users/spusapati/Personal/Investment_stratergy/investment_strategy/orchestrator.py", line 353, in _watchdog_loop
    self.watchdog.check_once()
    ~~~~~~~~~~~~~~~~~~~~~~~~^^
  File "/Users/spusapati/Personal/Investment_stratergy/investment_strategy/monitor/watchdog.py", line 91, in check_once
    account = self.broker.get_account()
  File "/Users/spusapati/Personal/Investment_stratergy/investment_strategy/execution/alpaca_client.py", line 162, in get_account
    snap = self._read_account_once()
  File "/Users/spusapati/Personal/Investment_stratergy/investment_strategy/execution/alpaca_client.py", line 199, in _read_account_once
    a = _retry_read(self.trading.get_account, what="get_account")
  File "/Users/spusapati/Personal/Investment_stratergy/investment_strategy/execution/alpaca_client.py", line 117, in _retry_read
    return fn()
  File "/Users/spusapati/Personal/Investment_stratergy/.venv/lib/python3.13/site-packages/alpaca/trading/client.py", line 474, in get_account
    response = self.get("/account")
  File "/Users/spusapati/Personal/Investment_stratergy/.venv/lib/python3.13/site-packages/alpaca/common/rest.py", line 225, in get
    return self._request("GET", path, data, **kwargs)
           ~~~~~~~~~~~~~^^^^^^^^^^^^^^^^^^^^^^^^^^^^^
  File "/Users/spusapati/Personal/Investment_stratergy/.venv/lib/python3.13/site-packages/alpaca/common/rest.py", line 131, in _request
    return self._one_request(method, url, opts, retry)
           ~~~~~~~~~~~~~~~~~^^^^^^^^^^^^^^^^^^^^^^^^^^
  File "/Users/spusapati/Personal/Investment_stratergy/.venv/lib/python3.13/site-packages/alpaca/common/rest.py", line 207, in _one_request
    raise APIError(error, http_error)
alpaca.common.exceptions.APIError: {"message": "service temporary unavailable."}

2026-08-22 06:52:10,470 ERROR orchestrator | Watchdog tick failed; continuing.
Traceback (most recent call last):
  File "/Users/spusapati/Personal/Investment_stratergy/.venv/lib/python3.13/site-packages/alpaca/common/rest.py", line 198, in _one_request
    response.raise_for_status()
    ~~~~~~~~~~~~~~~~~~~~~~~~~^^
  File "/Users/spusapati/Personal/Investment_stratergy/.venv/lib/python3.13/site-packages/requests/models.py", line 1167, in raise_for_status
    raise HTTPError(http_error_msg, response=self)
requests.exceptions.HTTPError: 503 Server Error: Service Temporarily Unavailable for url: https://paper-api.alpaca.markets/v2/account

During handling of the above exception, another exception occurred:

Traceback (most recent call last):
  File "/Users/spusapati/Personal/Investment_stratergy/investment_strategy/orchestrator.py", line 353, in _watchdog_loop
    self.watchdog.check_once()
    ~~~~~~~~~~~~~~~~~~~~~~~~^^
  File "/Users/spusapati/Personal/Investment_stratergy/investment_strategy/monitor/watchdog.py", line 91, in check_once
    account = self.broker.get_account()
  File "/Users/spusapati/Personal/Investment_stratergy/investment_strategy/execution/alpaca_client.py", line 162, in get_account
    snap = self._read_account_once()
  File "/Users/spusapati/Personal/Investment_stratergy/investment_strategy/execution/alpaca_client.py", line 199, in _read_account_once
    a = _retry_read(self.trading.get_account, what="get_account")
  File "/Users/spusapati/Personal/Investment_stratergy/investment_strategy/execution/alpaca_client.py", line 117, in _retry_read
    return fn()
  File "/Users/spusapati/Personal/Investment_stratergy/.venv/lib/python3.13/site-packages/alpaca/trading/client.py", line 474, in get_account
    response = self.get("/account")
  File "/Users/spusapati/Personal/Investment_stratergy/.venv/lib/python3.13/site-packages/alpaca/common/rest.py", line 225, in get
    return self._request("GET", path, data, **kwargs)
           ~~~~~~~~~~~~~^^^^^^^^^^^^^^^^^^^^^^^^^^^^^
  File "/Users/spusapati/Personal/Investment_stratergy/.venv/lib/python3.13/site-packages/alpaca/common/rest.py", line 131, in _request
    return self._one_request(method, url, opts, retry)
           ~~~~~~~~~~~~~~~~~^^^^^^^^^^^^^^^^^^^^^^^^^^
  File "/Users/spusapati/Personal/Investment_stratergy/.venv/lib/python3.13/site-packages/alpaca/common/rest.py", line 207, in _one_request
    raise APIError(error, http_error)
alpaca.common.exceptions.APIError: {"message": "service temporary unavailable."}

2026-08-22 06:52:40,868 ERROR orchestrator | Watchdog tick failed; continuing.
Traceback (most recent call last):
  File "/Users/spusapati/Personal/Investment_stratergy/.venv/lib/python3.13/site-packages/alpaca/common/rest.py", line 198, in _one_request
    response.raise_for_status()
    ~~~~~~~~~~~~~~~~~~~~~~~~~^^
  File "/Users/spusapati/Personal/Investment_stratergy/.venv/lib/python3.13/site-packages/requests/models.py", line 1167, in raise_for_status
    raise HTTPError(http_error_msg, response=self)
requests.exceptions.HTTPError: 503 Server Error: Service Temporarily Unavailable for url: https://paper-api.alpaca.markets/v2/account

During handling of the above exception, another exception occurred:

Traceback (most recent call last):
  File "/Users/spusapati/Personal/Investment_stratergy/investment_strategy/orchestrator.py", line 353, in _watchdog_loop
    self.watchdog.check_once()
    ~~~~~~~~~~~~~~~~~~~~~~~~^^
  File "/Users/spusapati/Personal/Investment_stratergy/investment_strategy/monitor/watchdog.py", line 91, in check_once
    account = self.broker.get_account()
  File "/Users/spusapati/Personal/Investment_stratergy/investment_strategy/execution/alpaca_client.py", line 162, in get_account
    snap = self._read_account_once()
  File "/Users/spusapati/Personal/Investment_stratergy/investment_strategy/execution/alpaca_client.py", line 199, in _read_account_once
    a = _retry_read(self.trading.get_account, what="get_account")
  File "/Users/spusapati/Personal/Investment_stratergy/investment_strategy/execution/alpaca_client.py", line 117, in _retry_read
    return fn()
  File "/Users/spusapati/Personal/Investment_stratergy/.venv/lib/python3.13/site-packages/alpaca/trading/client.py", line 474, in get_account
    response = self.get("/account")
  File "/Users/spusapati/Personal/Investment_stratergy/.venv/lib/python3.13/site-packages/alpaca/common/rest.py", line 225, in get
    return self._request("GET", path, data, **kwargs)
           ~~~~~~~~~~~~~^^^^^^^^^^^^^^^^^^^^^^^^^^^^^
  File "/Users/spusapati/Personal/Investment_stratergy/.venv/lib/python3.13/site-packages/alpaca/common/rest.py", line 131, in _request
    return self._one_request(method, url, opts, retry)
           ~~~~~~~~~~~~~~~~~^^^^^^^^^^^^^^^^^^^^^^^^^^
  File "/Users/spusapati/Personal/Investment_stratergy/.venv/lib/python3.13/site-packages/alpaca/common/rest.py", line 207, in _one_request
    raise APIError(error, http_error)
alpaca.common.exceptions.APIError: {"message": "service temporary unavailable."}

2026-08-22 06:53:12,327 ERROR orchestrator | Watchdog tick failed; continuing.
Traceback (most recent call last):
  File "/Users/spusapati/Personal/Investment_stratergy/.venv/lib/python3.13/site-packages/alpaca/common/rest.py", line 198, in _one_request
    response.raise_for_status()
    ~~~~~~~~~~~~~~~~~~~~~~~~~^^
  File "/Users/spusapati/Personal/Investment_stratergy/.venv/lib/python3.13/site-packages/requests/models.py", line 1167, in raise_for_status
    raise HTTPError(http_error_msg, response=self)
requests.exceptions.HTTPError: 503 Server Error: Service Temporarily Unavailable for url: https://paper-api.alpaca.markets/v2/account

During handling of the above exception, another exception occurred:

Traceback (most recent call last):
  File "/Users/spusapati/Personal/Investment_stratergy/investment_strategy/orchestrator.py", line 353, in _watchdog_loop
    self.watchdog.check_once()
    ~~~~~~~~~~~~~~~~~~~~~~~~^^
  File "/Users/spusapati/Personal/Investment_stratergy/investment_strategy/monitor/watchdog.py", line 91, in check_once
    account = self.broker.get_account()
  File "/Users/spusapati/Personal/Investment_stratergy/investment_strategy/execution/alpaca_client.py", line 162, in get_account
    snap = self._read_account_once()
  File "/Users/spusapati/Personal/Investment_stratergy/investment_strategy/execution/alpaca_client.py", line 199, in _read_account_once
    a = _retry_read(self.trading.get_account, what="get_account")
  File "/Users/spusapati/Personal/Investment_stratergy/investment_strategy/execution/alpaca_client.py", line 117, in _retry_read
    return fn()
  File "/Users/spusapati/Personal/Investment_stratergy/.venv/lib/python3.13/site-packages/alpaca/trading/client.py", line 474, in get_account
    response = self.get("/account")
  File "/Users/spusapati/Personal/Investment_stratergy/.venv/lib/python3.13/site-packages/alpaca/common/rest.py", line 225, in get
    return self._request("GET", path, data, **kwargs)
           ~~~~~~~~~~~~~^^^^^^^^^^^^^^^^^^^^^^^^^^^^^
  File "/Users/spusapati/Personal/Investment_stratergy/.venv/lib/python3.13/site-packages/alpaca/common/rest.py", line 131, in _request
    return self._one_request(method, url, opts, retry)
           ~~~~~~~~~~~~~~~~~^^^^^^^^^^^^^^^^^^^^^^^^^^
  File "/Users/spusapati/Personal/Investment_stratergy/.venv/lib/python3.13/site-packages/alpaca/common/rest.py", line 207, in _one_request
    raise APIError(error, http_error)
alpaca.common.exceptions.APIError: {"message": "service temporary unavailable."}

2026-08-22 06:53:42,740 ERROR orchestrator | Watchdog tick failed; continuing.
Traceback (most recent call last):
  File "/Users/spusapati/Personal/Investment_stratergy/.venv/lib/python3.13/site-packages/alpaca/common/rest.py", line 198, in _one_request
    response.raise_for_status()
    ~~~~~~~~~~~~~~~~~~~~~~~~~^^
  File "/Users/spusapati/Personal/Investment_stratergy/.venv/lib/python3.13/site-packages/requests/models.py", line 1167, in raise_for_status
    raise HTTPError(http_error_msg, response=self)
requests.exceptions.HTTPError: 503 Server Error: Service Temporarily Unavailable for url: https://paper-api.alpaca.markets/v2/account

During handling of the above exception, another exception occurred:

Traceback (most recent call last):
  File "/Users/spusapati/Personal/Investment_stratergy/investment_strategy/orchestrator.py", line 353, in _watchdog_loop
    self.watchdog.check_once()
    ~~~~~~~~~~~~~~~~~~~~~~~~^^
  File "/Users/spusapati/Personal/Investment_stratergy/investment_strategy/monitor/watchdog.py", line 91, in check_once
    account = self.broker.get_account()
  File "/Users/spusapati/Personal/Investment_stratergy/investment_strategy/execution/alpaca_client.py", line 162, in get_account
    snap = self._read_account_once()
  File "/Users/spusapati/Personal/Investment_stratergy/investment_strategy/execution/alpaca_client.py", line 199, in _read_account_once
    a = _retry_read(self.trading.get_account, what="get_account")
  File "/Users/spusapati/Personal/Investment_stratergy/investment_strategy/execution/alpaca_client.py", line 117, in _retry_read
    return fn()
  File "/Users/spusapati/Personal/Investment_stratergy/.venv/lib/python3.13/site-packages/alpaca/trading/client.py", line 474, in get_account
    response = self.get("/account")
  File "/Users/spusapati/Personal/Investment_stratergy/.venv/lib/python3.13/site-packages/alpaca/common/rest.py", line 225, in get
    return self._request("GET", path, data, **kwargs)
           ~~~~~~~~~~~~~^^^^^^^^^^^^^^^^^^^^^^^^^^^^^
  File "/Users/spusapati/Personal/Investment_stratergy/.venv/lib/python3.13/site-packages/alpaca/common/rest.py", line 131, in _request
    return self._one_request(method, url, opts, retry)
           ~~~~~~~~~~~~~~~~~^^^^^^^^^^^^^^^^^^^^^^^^^^
  File "/Users/spusapati/Personal/Investment_stratergy/.venv/lib/python3.13/site-packages/alpaca/common/rest.py", line 207, in _one_request
    raise APIError(error, http_error)
alpaca.common.exceptions.APIError: {"message": "service temporary unavailable."}

2026-08-22 06:54:13,012 ERROR orchestrator | Watchdog tick failed; continuing.
Traceback (most recent call last):
  File "/Users/spusapati/Personal/Investment_stratergy/.venv/lib/python3.13/site-packages/alpaca/common/rest.py", line 198, in _one_request
    response.raise_for_status()
    ~~~~~~~~~~~~~~~~~~~~~~~~~^^
  File "/Users/spusapati/Personal/Investment_stratergy/.venv/lib/python3.13/site-packages/requests/models.py", line 1167, in raise_for_status
    raise HTTPError(http_error_msg, response=self)
requests.exceptions.HTTPError: 503 Server Error: Service Temporarily Unavailable for url: https://paper-api.alpaca.markets/v2/account

During handling of the above exception, another exception occurred:

Traceback (most recent call last):
  File "/Users/spusapati/Personal/Investment_stratergy/investment_strategy/orchestrator.py", line 353, in _watchdog_loop
    self.watchdog.check_once()
    ~~~~~~~~~~~~~~~~~~~~~~~~^^
  File "/Users/spusapati/Personal/Investment_stratergy/investment_strategy/monitor/watchdog.py", line 91, in check_once
    account = self.broker.get_account()
  File "/Users/spusapati/Personal/Investment_stratergy/investment_strategy/execution/alpaca_client.py", line 162, in get_account
    snap = self._read_account_once()
  File "/Users/spusapati/Personal/Investment_stratergy/investment_strategy/execution/alpaca_client.py", line 199, in _read_account_once
    a = _retry_read(self.trading.get_account, what="get_account")
  File "/Users/spusapati/Personal/Investment_stratergy/investment_strategy/execution/alpaca_client.py", line 117, in _retry_read
    return fn()
  File "/Users/spusapati/Personal/Investment_stratergy/.venv/lib/python3.13/site-packages/alpaca/trading/client.py", line 474, in get_account
    response = self.get("/account")
  File "/Users/spusapati/Personal/Investment_stratergy/.venv/lib/python3.13/site-packages/alpaca/common/rest.py", line 225, in get
    return self._request("GET", path, data, **kwargs)
           ~~~~~~~~~~~~~^^^^^^^^^^^^^^^^^^^^^^^^^^^^^
  File "/Users/spusapati/Personal/Investment_stratergy/.venv/lib/python3.13/site-packages/alpaca/common/rest.py", line 131, in _request
    return self._one_request(method, url, opts, retry)
           ~~~~~~~~~~~~~~~~~^^^^^^^^^^^^^^^^^^^^^^^^^^
  File "/Users/spusapati/Personal/Investment_stratergy/.venv/lib/python3.13/site-packages/alpaca/common/rest.py", line 207, in _one_request
    raise APIError(error, http_error)
alpaca.common.exceptions.APIError: {"message": "service temporary unavailable."}

2026-08-22 06:54:43,330 ERROR orchestrator | Watchdog tick failed; continuing.
Traceback (most recent call last):
  File "/Users/spusapati/Personal/Investment_stratergy/.venv/lib/python3.13/site-packages/alpaca/common/rest.py", line 198, in _one_request
    response.raise_for_status()
    ~~~~~~~~~~~~~~~~~~~~~~~~~^^
  File "/Users/spusapati/Personal/Investment_stratergy/.venv/lib/python3.13/site-packages/requests/models.py", line 1167, in raise_for_status
    raise HTTPError(http_error_msg, response=self)
requests.exceptions.HTTPError: 503 Server Error: Service Temporarily Unavailable for url: https://paper-api.alpaca.markets/v2/account

During handling of the above exception, another exception occurred:

Traceback (most recent call last):
  File "/Users/spusapati/Personal/Investment_stratergy/investment_strategy/orchestrator.py", line 353, in _watchdog_loop
    self.watchdog.check_once()
    ~~~~~~~~~~~~~~~~~~~~~~~~^^
  File "/Users/spusapati/Personal/Investment_stratergy/investment_strategy/monitor/watchdog.py", line 91, in check_once
    account = self.broker.get_account()
  File "/Users/spusapati/Personal/Investment_stratergy/investment_strategy/execution/alpaca_client.py", line 162, in get_account
    snap = self._read_account_once()
  File "/Users/spusapati/Personal/Investment_stratergy/investment_strategy/execution/alpaca_client.py", line 199, in _read_account_once
    a = _retry_read(self.trading.get_account, what="get_account")
  File "/Users/spusapati/Personal/Investment_stratergy/investment_strategy/execution/alpaca_client.py", line 117, in _retry_read
    return fn()
  File "/Users/spusapati/Personal/Investment_stratergy/.venv/lib/python3.13/site-packages/alpaca/trading/client.py", line 474, in get_account
    response = self.get("/account")
  File "/Users/spusapati/Personal/Investment_stratergy/.venv/lib/python3.13/site-packages/alpaca/common/rest.py", line 225, in get
    return self._request("GET", path, data, **kwargs)
           ~~~~~~~~~~~~~^^^^^^^^^^^^^^^^^^^^^^^^^^^^^
  File "/Users/spusapati/Personal/Investment_stratergy/.venv/lib/python3.13/site-packages/alpaca/common/rest.py", line 131, in _request
    return self._one_request(method, url, opts, retry)
           ~~~~~~~~~~~~~~~~~^^^^^^^^^^^^^^^^^^^^^^^^^^
  File "/Users/spusapati/Personal/Investment_stratergy/.venv/lib/python3.13/site-packages/alpaca/common/rest.py", line 207, in _one_request
    raise APIError(error, http_error)
alpaca.common.exceptions.APIError: {"message": "service temporary unavailable."}

2026-08-22 06:55:13,656 ERROR orchestrator | Watchdog tick failed; continuing.
Traceback (most recent call last):
  File "/Users/spusapati/Personal/Investment_stratergy/.venv/lib/python3.13/site-packages/alpaca/common/rest.py", line 198, in _one_request
    response.raise_for_status()
    ~~~~~~~~~~~~~~~~~~~~~~~~~^^
  File "/Users/spusapati/Personal/Investment_stratergy/.venv/lib/python3.13/site-packages/requests/models.py", line 1167, in raise_for_status
    raise HTTPError(http_error_msg, response=self)
requests.exceptions.HTTPError: 503 Server Error: Service Temporarily Unavailable for url: https://paper-api.alpaca.markets/v2/account

During handling of the above exception, another exception occurred:

Traceback (most recent call last):
  File "/Users/spusapati/Personal/Investment_stratergy/investment_strategy/orchestrator.py", line 353, in _watchdog_loop
    self.watchdog.check_once()
    ~~~~~~~~~~~~~~~~~~~~~~~~^^
  File "/Users/spusapati/Personal/Investment_stratergy/investment_strategy/monitor/watchdog.py", line 91, in check_once
    account = self.broker.get_account()
  File "/Users/spusapati/Personal/Investment_stratergy/investment_strategy/execution/alpaca_client.py", line 162, in get_account
    snap = self._read_account_once()
  File "/Users/spusapati/Personal/Investment_stratergy/investment_strategy/execution/alpaca_client.py", line 199, in _read_account_once
    a = _retry_read(self.trading.get_account, what="get_account")
  File "/Users/spusapati/Personal/Investment_stratergy/investment_strategy/execution/alpaca_client.py", line 117, in _retry_read
    return fn()
  File "/Users/spusapati/Personal/Investment_stratergy/.venv/lib/python3.13/site-packages/alpaca/trading/client.py", line 474, in get_account
    response = self.get("/account")
  File "/Users/spusapati/Personal/Investment_stratergy/.venv/lib/python3.13/site-packages/alpaca/common/rest.py", line 225, in get
    return self._request("GET", path, data, **kwargs)
           ~~~~~~~~~~~~~^^^^^^^^^^^^^^^^^^^^^^^^^^^^^
  File "/Users/spusapati/Personal/Investment_stratergy/.venv/lib/python3.13/site-packages/alpaca/common/rest.py", line 131, in _request
    return self._one_request(method, url, opts, retry)
           ~~~~~~~~~~~~~~~~~^^^^^^^^^^^^^^^^^^^^^^^^^^
  File "/Users/spusapati/Personal/Investment_stratergy/.venv/lib/python3.13/site-packages/alpaca/common/rest.py", line 207, in _one_request
    raise APIError(error, http_error)
alpaca.common.exceptions.APIError: {"message": "service temporary unavailable."}

2026-08-22 06:55:44,123 ERROR orchestrator | Watchdog tick failed; continuing.
Traceback (most recent call last):
  File "/Users/spusapati/Personal/Investment_stratergy/.venv/lib/python3.13/site-packages/alpaca/common/rest.py", line 198, in _one_request
    response.raise_for_status()
    ~~~~~~~~~~~~~~~~~~~~~~~~~^^
  File "/Users/spusapati/Personal/Investment_stratergy/.venv/lib/python3.13/site-packages/requests/models.py", line 1167, in raise_for_status
    raise HTTPError(http_error_msg, response=self)
requests.exceptions.HTTPError: 503 Server Error: Service Temporarily Unavailable for url: https://paper-api.alpaca.markets/v2/account

During handling of the above exception, another exception occurred:

Traceback (most recent call last):
  File "/Users/spusapati/Personal/Investment_stratergy/investment_strategy/orchestrator.py", line 353, in _watchdog_loop
    self.watchdog.check_once()
    ~~~~~~~~~~~~~~~~~~~~~~~~^^
  File "/Users/spusapati/Personal/Investment_stratergy/investment_strategy/monitor/watchdog.py", line 91, in check_once
    account = self.broker.get_account()
  File "/Users/spusapati/Personal/Investment_stratergy/investment_strategy/execution/alpaca_client.py", line 162, in get_account
    snap = self._read_account_once()
  File "/Users/spusapati/Personal/Investment_stratergy/investment_strategy/execution/alpaca_client.py", line 199, in _read_account_once
    a = _retry_read(self.trading.get_account, what="get_account")
  File "/Users/spusapati/Personal/Investment_stratergy/investment_strategy/execution/alpaca_client.py", line 117, in _retry_read
    return fn()
  File "/Users/spusapati/Personal/Investment_stratergy/.venv/lib/python3.13/site-packages/alpaca/trading/client.py", line 474, in get_account
    response = self.get("/account")
  File "/Users/spusapati/Personal/Investment_stratergy/.venv/lib/python3.13/site-packages/alpaca/common/rest.py", line 225, in get
    return self._request("GET", path, data, **kwargs)
           ~~~~~~~~~~~~~^^^^^^^^^^^^^^^^^^^^^^^^^^^^^
  File "/Users/spusapati/Personal/Investment_stratergy/.venv/lib/python3.13/site-packages/alpaca/common/rest.py", line 131, in _request
    return self._one_request(method, url, opts, retry)
           ~~~~~~~~~~~~~~~~~^^^^^^^^^^^^^^^^^^^^^^^^^^
  File "/Users/spusapati/Personal/Investment_stratergy/.venv/lib/python3.13/site-packages/alpaca/common/rest.py", line 207, in _one_request
    raise APIError(error, http_error)
alpaca.common.exceptions.APIError: {"message": "service temporary unavailable."}

2026-08-22 06:56:14,424 ERROR orchestrator | Watchdog tick failed; continuing.
Traceback (most recent call last):
  File "/Users/spusapati/Personal/Investment_stratergy/.venv/lib/python3.13/site-packages/alpaca/common/rest.py", line 198, in _one_request
    response.raise_for_status()
    ~~~~~~~~~~~~~~~~~~~~~~~~~^^
  File "/Users/spusapati/Personal/Investment_stratergy/.venv/lib/python3.13/site-packages/requests/models.py", line 1167, in raise_for_status
    raise HTTPError(http_error_msg, response=self)
requests.exceptions.HTTPError: 503 Server Error: Service Temporarily Unavailable for url: https://paper-api.alpaca.markets/v2/account

During handling of the above exception, another exception occurred:

Traceback (most recent call last):
  File "/Users/spusapati/Personal/Investment_stratergy/investment_strategy/orchestrator.py", line 353, in _watchdog_loop
    self.watchdog.check_once()
    ~~~~~~~~~~~~~~~~~~~~~~~~^^
  File "/Users/spusapati/Personal/Investment_stratergy/investment_strategy/monitor/watchdog.py", line 91, in check_once
    account = self.broker.get_account()
  File "/Users/spusapati/Personal/Investment_stratergy/investment_strategy/execution/alpaca_client.py", line 162, in get_account
    snap = self._read_account_once()
  File "/Users/spusapati/Personal/Investment_stratergy/investment_strategy/execution/alpaca_client.py", line 199, in _read_account_once
    a = _retry_read(self.trading.get_account, what="get_account")
  File "/Users/spusapati/Personal/Investment_stratergy/investment_strategy/execution/alpaca_client.py", line 117, in _retry_read
    return fn()
  File "/Users/spusapati/Personal/Investment_stratergy/.venv/lib/python3.13/site-packages/alpaca/trading/client.py", line 474, in get_account
    response = self.get("/account")
  File "/Users/spusapati/Personal/Investment_stratergy/.venv/lib/python3.13/site-packages/alpaca/common/rest.py", line 225, in get
    return self._request("GET", path, data, **kwargs)
           ~~~~~~~~~~~~~^^^^^^^^^^^^^^^^^^^^^^^^^^^^^
  File "/Users/spusapati/Personal/Investment_stratergy/.venv/lib/python3.13/site-packages/alpaca/common/rest.py", line 131, in _request
    return self._one_request(method, url, opts, retry)
           ~~~~~~~~~~~~~~~~~^^^^^^^^^^^^^^^^^^^^^^^^^^
  File "/Users/spusapati/Personal/Investment_stratergy/.venv/lib/python3.13/site-packages/alpaca/common/rest.py", line 207, in _one_request
    raise APIError(error, http_error)
alpaca.common.exceptions.APIError: {"message": "service temporary unavailable."}

2026-08-22 06:56:44,760 ERROR orchestrator | Watchdog tick failed; continuing.
Traceback (most recent call last):
  File "/Users/spusapati/Personal/Investment_stratergy/.venv/lib/python3.13/site-packages/alpaca/common/rest.py", line 198, in _one_request
    response.raise_for_status()
    ~~~~~~~~~~~~~~~~~~~~~~~~~^^
  File "/Users/spusapati/Personal/Investment_stratergy/.venv/lib/python3.13/site-packages/requests/models.py", line 1167, in raise_for_status
    raise HTTPError(http_error_msg, response=self)
requests.exceptions.HTTPError: 503 Server Error: Service Temporarily Unavailable for url: https://paper-api.alpaca.markets/v2/account

During handling of the above exception, another exception occurred:

Traceback (most recent call last):
  File "/Users/spusapati/Personal/Investment_stratergy/investment_strategy/orchestrator.py", line 353, in _watchdog_loop
    self.watchdog.check_once()
    ~~~~~~~~~~~~~~~~~~~~~~~~^^
  File "/Users/spusapati/Personal/Investment_stratergy/investment_strategy/monitor/watchdog.py", line 91, in check_once
    account = self.broker.get_account()
  File "/Users/spusapati/Personal/Investment_stratergy/investment_strategy/execution/alpaca_client.py", line 162, in get_account
    snap = self._read_account_once()
  File "/Users/spusapati/Personal/Investment_stratergy/investment_strategy/execution/alpaca_client.py", line 199, in _read_account_once
    a = _retry_read(self.trading.get_account, what="get_account")
  File "/Users/spusapati/Personal/Investment_stratergy/investment_strategy/execution/alpaca_client.py", line 117, in _retry_read
    return fn()
  File "/Users/spusapati/Personal/Investment_stratergy/.venv/lib/python3.13/site-packages/alpaca/trading/client.py", line 474, in get_account
    response = self.get("/account")
  File "/Users/spusapati/Personal/Investment_stratergy/.venv/lib/python3.13/site-packages/alpaca/common/rest.py", line 225, in get
    return self._request("GET", path, data, **kwargs)
           ~~~~~~~~~~~~~^^^^^^^^^^^^^^^^^^^^^^^^^^^^^
  File "/Users/spusapati/Personal/Investment_stratergy/.venv/lib/python3.13/site-packages/alpaca/common/rest.py", line 131, in _request
    return self._one_request(method, url, opts, retry)
           ~~~~~~~~~~~~~~~~~^^^^^^^^^^^^^^^^^^^^^^^^^^
  File "/Users/spusapati/Personal/Investment_stratergy/.venv/lib/python3.13/site-packages/alpaca/common/rest.py", line 207, in _one_request
    raise APIError(error, http_error)
alpaca.common.exceptions.APIError: {"message": "service temporary unavailable."}

2026-08-22 06:57:15,174 ERROR orchestrator | Watchdog tick failed; continuing.
Traceback (most recent call last):
  File "/Users/spusapati/Personal/Investment_stratergy/.venv/lib/python3.13/site-packages/alpaca/common/rest.py", line 198, in _one_request
    response.raise_for_status()
    ~~~~~~~~~~~~~~~~~~~~~~~~~^^
  File "/Users/spusapati/Personal/Investment_stratergy/.venv/lib/python3.13/site-packages/requests/models.py", line 1167, in raise_for_status
    raise HTTPError(http_error_msg, response=self)
requests.exceptions.HTTPError: 503 Server Error: Service Temporarily Unavailable for url: https://paper-api.alpaca.markets/v2/account

During handling of the above exception, another exception occurred:

Traceback (most recent call last):
  File "/Users/spusapati/Personal/Investment_stratergy/investment_strategy/orchestrator.py", line 353, in _watchdog_loop
    self.watchdog.check_once()
    ~~~~~~~~~~~~~~~~~~~~~~~~^^
  File "/Users/spusapati/Personal/Investment_stratergy/investment_strategy/monitor/watchdog.py", line 91, in check_once
    account = self.broker.get_account()
  File "/Users/spusapati/Personal/Investment_stratergy/investment_strategy/execution/alpaca_client.py", line 162, in get_account
    snap = self._read_account_once()
  File "/Users/spusapati/Personal/Investment_stratergy/investment_strategy/execution/alpaca_client.py", line 199, in _read_account_once
    a = _retry_read(self.trading.get_account, what="get_account")
  File "/Users/spusapati/Personal/Investment_stratergy/investment_strategy/execution/alpaca_client.py", line 117, in _retry_read
    return fn()
  File "/Users/spusapati/Personal/Investment_stratergy/.venv/lib/python3.13/site-packages/alpaca/trading/client.py", line 474, in get_account
    response = self.get("/account")
  File "/Users/spusapati/Personal/Investment_stratergy/.venv/lib/python3.13/site-packages/alpaca/common/rest.py", line 225, in get
    return self._request("GET", path, data, **kwargs)
           ~~~~~~~~~~~~~^^^^^^^^^^^^^^^^^^^^^^^^^^^^^
  File "/Users/spusapati/Personal/Investment_stratergy/.venv/lib/python3.13/site-packages/alpaca/common/rest.py", line 131, in _request
    return self._one_request(method, url, opts, retry)
           ~~~~~~~~~~~~~~~~~^^^^^^^^^^^^^^^^^^^^^^^^^^
  File "/Users/spusapati/Personal/Investment_stratergy/.venv/lib/python3.13/site-packages/alpaca/common/rest.py", line 207, in _one_request
    raise APIError(error, http_error)
alpaca.common.exceptions.APIError: {"message": "service temporary unavailable."}

2026-08-22 06:57:45,588 ERROR orchestrator | Watchdog tick failed; continuing.
Traceback (most recent call last):
  File "/Users/spusapati/Personal/Investment_stratergy/.venv/lib/python3.13/site-packages/alpaca/common/rest.py", line 198, in _one_request
    response.raise_for_status()
    ~~~~~~~~~~~~~~~~~~~~~~~~~^^
  File "/Users/spusapati/Personal/Investment_stratergy/.venv/lib/python3.13/site-packages/requests/models.py", line 1167, in raise_for_status
    raise HTTPError(http_error_msg, response=self)
requests.exceptions.HTTPError: 503 Server Error: Service Temporarily Unavailable for url: https://paper-api.alpaca.markets/v2/account

During handling of the above exception, another exception occurred:

Traceback (most recent call last):
  File "/Users/spusapati/Personal/Investment_stratergy/investment_strategy/orchestrator.py", line 353, in _watchdog_loop
    self.watchdog.check_once()
    ~~~~~~~~~~~~~~~~~~~~~~~~^^
  File "/Users/spusapati/Personal/Investment_stratergy/investment_strategy/monitor/watchdog.py", line 91, in check_once
    account = self.broker.get_account()
  File "/Users/spusapati/Personal/Investment_stratergy/investment_strategy/execution/alpaca_client.py", line 162, in get_account
    snap = self._read_account_once()
  File "/Users/spusapati/Personal/Investment_stratergy/investment_strategy/execution/alpaca_client.py", line 199, in _read_account_once
    a = _retry_read(self.trading.get_account, what="get_account")
  File "/Users/spusapati/Personal/Investment_stratergy/investment_strategy/execution/alpaca_client.py", line 117, in _retry_read
    return fn()
  File "/Users/spusapati/Personal/Investment_stratergy/.venv/lib/python3.13/site-packages/alpaca/trading/client.py", line 474, in get_account
    response = self.get("/account")
  File "/Users/spusapati/Personal/Investment_stratergy/.venv/lib/python3.13/site-packages/alpaca/common/rest.py", line 225, in get
    return self._request("GET", path, data, **kwargs)
           ~~~~~~~~~~~~~^^^^^^^^^^^^^^^^^^^^^^^^^^^^^
  File "/Users/spusapati/Personal/Investment_stratergy/.venv/lib/python3.13/site-packages/alpaca/common/rest.py", line 131, in _request
    return self._one_request(method, url, opts, retry)
           ~~~~~~~~~~~~~~~~~^^^^^^^^^^^^^^^^^^^^^^^^^^
  File "/Users/spusapati/Personal/Investment_stratergy/.venv/lib/python3.13/site-packages/alpaca/common/rest.py", line 207, in _one_request
    raise APIError(error, http_error)
alpaca.common.exceptions.APIError: {"message": "service temporary unavailable."}

2026-08-22 06:58:15,913 ERROR orchestrator | Watchdog tick failed; continuing.
Traceback (most recent call last):
  File "/Users/spusapati/Personal/Investment_stratergy/.venv/lib/python3.13/site-packages/alpaca/common/rest.py", line 198, in _one_request
    response.raise_for_status()
    ~~~~~~~~~~~~~~~~~~~~~~~~~^^
  File "/Users/spusapati/Personal/Investment_stratergy/.venv/lib/python3.13/site-packages/requests/models.py", line 1167, in raise_for_status
    raise HTTPError(http_error_msg, response=self)
requests.exceptions.HTTPError: 503 Server Error: Service Temporarily Unavailable for url: https://paper-api.alpaca.markets/v2/account

During handling of the above exception, another exception occurred:

Traceback (most recent call last):
  File "/Users/spusapati/Personal/Investment_stratergy/investment_strategy/orchestrator.py", line 353, in _watchdog_loop
    self.watchdog.check_once()
    ~~~~~~~~~~~~~~~~~~~~~~~~^^
  File "/Users/spusapati/Personal/Investment_stratergy/investment_strategy/monitor/watchdog.py", line 91, in check_once
    account = self.broker.get_account()
  File "/Users/spusapati/Personal/Investment_stratergy/investment_strategy/execution/alpaca_client.py", line 162, in get_account
    snap = self._read_account_once()
  File "/Users/spusapati/Personal/Investment_stratergy/investment_strategy/execution/alpaca_client.py", line 199, in _read_account_once
    a = _retry_read(self.trading.get_account, what="get_account")
  File "/Users/spusapati/Personal/Investment_stratergy/investment_strategy/execution/alpaca_client.py", line 117, in _retry_read
    return fn()
  File "/Users/spusapati/Personal/Investment_stratergy/.venv/lib/python3.13/site-packages/alpaca/trading/client.py", line 474, in get_account
    response = self.get("/account")
  File "/Users/spusapati/Personal/Investment_stratergy/.venv/lib/python3.13/site-packages/alpaca/common/rest.py", line 225, in get
    return self._request("GET", path, data, **kwargs)
           ~~~~~~~~~~~~~^^^^^^^^^^^^^^^^^^^^^^^^^^^^^
  File "/Users/spusapati/Personal/Investment_stratergy/.venv/lib/python3.13/site-packages/alpaca/common/rest.py", line 131, in _request
    return self._one_request(method, url, opts, retry)
           ~~~~~~~~~~~~~~~~~^^^^^^^^^^^^^^^^^^^^^^^^^^
  File "/Users/spusapati/Personal/Investment_stratergy/.venv/lib/python3.13/site-packages/alpaca/common/rest.py", line 207, in _one_request
    raise APIError(error, http_error)
alpaca.common.exceptions.APIError: {"message": "service temporary unavailable."}

2026-08-22 06:58:46,260 ERROR orchestrator | Watchdog tick failed; continuing.
Traceback (most recent call last):
  File "/Users/spusapati/Personal/Investment_stratergy/.venv/lib/python3.13/site-packages/alpaca/common/rest.py", line 198, in _one_request
    response.raise_for_status()
    ~~~~~~~~~~~~~~~~~~~~~~~~~^^
  File "/Users/spusapati/Personal/Investment_stratergy/.venv/lib/python3.13/site-packages/requests/models.py", line 1167, in raise_for_status
    raise HTTPError(http_error_msg, response=self)
requests.exceptions.HTTPError: 503 Server Error: Service Temporarily Unavailable for url: https://paper-api.alpaca.markets/v2/account

During handling of the above exception, another exception occurred:

Traceback (most recent call last):
  File "/Users/spusapati/Personal/Investment_stratergy/investment_strategy/orchestrator.py", line 353, in _watchdog_loop
    self.watchdog.check_once()
    ~~~~~~~~~~~~~~~~~~~~~~~~^^
  File "/Users/spusapati/Personal/Investment_stratergy/investment_strategy/monitor/watchdog.py", line 91, in check_once
    account = self.broker.get_account()
  File "/Users/spusapati/Personal/Investment_stratergy/investment_strategy/execution/alpaca_client.py", line 162, in get_account
    snap = self._read_account_once()
  File "/Users/spusapati/Personal/Investment_stratergy/investment_strategy/execution/alpaca_client.py", line 199, in _read_account_once
    a = _retry_read(self.trading.get_account, what="get_account")
  File "/Users/spusapati/Personal/Investment_stratergy/investment_strategy/execution/alpaca_client.py", line 117, in _retry_read
    return fn()
  File "/Users/spusapati/Personal/Investment_stratergy/.venv/lib/python3.13/site-packages/alpaca/trading/client.py", line 474, in get_account
    response = self.get("/account")
  File "/Users/spusapati/Personal/Investment_stratergy/.venv/lib/python3.13/site-packages/alpaca/common/rest.py", line 225, in get
    return self._request("GET", path, data, **kwargs)
           ~~~~~~~~~~~~~^^^^^^^^^^^^^^^^^^^^^^^^^^^^^
  File "/Users/spusapati/Personal/Investment_stratergy/.venv/lib/python3.13/site-packages/alpaca/common/rest.py", line 131, in _request
    return self._one_request(method, url, opts, retry)
           ~~~~~~~~~~~~~~~~~^^^^^^^^^^^^^^^^^^^^^^^^^^
  File "/Users/spusapati/Personal/Investment_stratergy/.venv/lib/python3.13/site-packages/alpaca/common/rest.py", line 207, in _one_request
    raise APIError(error, http_error)
alpaca.common.exceptions.APIError: {"message": "service temporary unavailable."}

2026-08-22 06:59:16,667 ERROR orchestrator | Watchdog tick failed; continuing.
Traceback (most recent call last):
  File "/Users/spusapati/Personal/Investment_stratergy/.venv/lib/python3.13/site-packages/alpaca/common/rest.py", line 198, in _one_request
    response.raise_for_status()
    ~~~~~~~~~~~~~~~~~~~~~~~~~^^
  File "/Users/spusapati/Personal/Investment_stratergy/.venv/lib/python3.13/site-packages/requests/models.py", line 1167, in raise_for_status
    raise HTTPError(http_error_msg, response=self)
requests.exceptions.HTTPError: 503 Server Error: Service Temporarily Unavailable for url: https://paper-api.alpaca.markets/v2/account

During handling of the above exception, another exception occurred:

Traceback (most recent call last):
  File "/Users/spusapati/Personal/Investment_stratergy/investment_strategy/orchestrator.py", line 353, in _watchdog_loop
    self.watchdog.check_once()
    ~~~~~~~~~~~~~~~~~~~~~~~~^^
  File "/Users/spusapati/Personal/Investment_stratergy/investment_strategy/monitor/watchdog.py", line 91, in check_once
    account = self.broker.get_account()
  File "/Users/spusapati/Personal/Investment_stratergy/investment_strategy/execution/alpaca_client.py", line 162, in get_account
    snap = self._read_account_once()
  File "/Users/spusapati/Personal/Investment_stratergy/investment_strategy/execution/alpaca_client.py", line 199, in _read_account_once
    a = _retry_read(self.trading.get_account, what="get_account")
  File "/Users/spusapati/Personal/Investment_stratergy/investment_strategy/execution/alpaca_client.py", line 117, in _retry_read
    return fn()
  File "/Users/spusapati/Personal/Investment_stratergy/.venv/lib/python3.13/site-packages/alpaca/trading/client.py", line 474, in get_account
    response = self.get("/account")
  File "/Users/spusapati/Personal/Investment_stratergy/.venv/lib/python3.13/site-packages/alpaca/common/rest.py", line 225, in get
    return self._request("GET", path, data, **kwargs)
           ~~~~~~~~~~~~~^^^^^^^^^^^^^^^^^^^^^^^^^^^^^
  File "/Users/spusapati/Personal/Investment_stratergy/.venv/lib/python3.13/site-packages/alpaca/common/rest.py", line 131, in _request
    return self._one_request(method, url, opts, retry)
           ~~~~~~~~~~~~~~~~~^^^^^^^^^^^^^^^^^^^^^^^^^^
  File "/Users/spusapati/Personal/Investment_stratergy/.venv/lib/python3.13/site-packages/alpaca/common/rest.py", line 207, in _one_request
    raise APIError(error, http_error)
alpaca.common.exceptions.APIError: {"message": "service temporary unavailable."}

2026-08-22 06:59:47,084 ERROR orchestrator | Watchdog tick failed; continuing.
Traceback (most recent call last):
  File "/Users/spusapati/Personal/Investment_stratergy/.venv/lib/python3.13/site-packages/alpaca/common/rest.py", line 198, in _one_request
    response.raise_for_status()
    ~~~~~~~~~~~~~~~~~~~~~~~~~^^
  File "/Users/spusapati/Personal/Investment_stratergy/.venv/lib/python3.13/site-packages/requests/models.py", line 1167, in raise_for_status
    raise HTTPError(http_error_msg, response=self)
requests.exceptions.HTTPError: 503 Server Error: Service Temporarily Unavailable for url: https://paper-api.alpaca.markets/v2/account

During handling of the above exception, another exception occurred:

Traceback (most recent call last):
  File "/Users/spusapati/Personal/Investment_stratergy/investment_strategy/orchestrator.py", line 353, in _watchdog_loop
    self.watchdog.check_once()
    ~~~~~~~~~~~~~~~~~~~~~~~~^^
  File "/Users/spusapati/Personal/Investment_stratergy/investment_strategy/monitor/watchdog.py", line 91, in check_once
    account = self.broker.get_account()
  File "/Users/spusapati/Personal/Investment_stratergy/investment_strategy/execution/alpaca_client.py", line 162, in get_account
    snap = self._read_account_once()
  File "/Users/spusapati/Personal/Investment_stratergy/investment_strategy/execution/alpaca_client.py", line 199, in _read_account_once
    a = _retry_read(self.trading.get_account, what="get_account")
  File "/Users/spusapati/Personal/Investment_stratergy/investment_strategy/execution/alpaca_client.py", line 117, in _retry_read
    return fn()
  File "/Users/spusapati/Personal/Investment_stratergy/.venv/lib/python3.13/site-packages/alpaca/trading/client.py", line 474, in get_account
    response = self.get("/account")
  File "/Users/spusapati/Personal/Investment_stratergy/.venv/lib/python3.13/site-packages/alpaca/common/rest.py", line 225, in get
    return self._request("GET", path, data, **kwargs)
           ~~~~~~~~~~~~~^^^^^^^^^^^^^^^^^^^^^^^^^^^^^
  File "/Users/spusapati/Personal/Investment_stratergy/.venv/lib/python3.13/site-packages/alpaca/common/rest.py", line 131, in _request
    return self._one_request(method, url, opts, retry)
           ~~~~~~~~~~~~~~~~~^^^^^^^^^^^^^^^^^^^^^^^^^^
  File "/Users/spusapati/Personal/Investment_stratergy/.venv/lib/python3.13/site-packages/alpaca/common/rest.py", line 207, in _one_request
    raise APIError(error, http_error)
alpaca.common.exceptions.APIError: {"message": "service temporary unavailable."}

2026-08-22 07:00:17,486 ERROR orchestrator | Watchdog tick failed; continuing.
Traceback (most recent call last):
  File "/Users/spusapati/Personal/Investment_stratergy/.venv/lib/python3.13/site-packages/alpaca/common/rest.py", line 198, in _one_request
    response.raise_for_status()
    ~~~~~~~~~~~~~~~~~~~~~~~~~^^
  File "/Users/spusapati/Personal/Investment_stratergy/.venv/lib/python3.13/site-packages/requests/models.py", line 1167, in raise_for_status
    raise HTTPError(http_error_msg, response=self)
requests.exceptions.HTTPError: 503 Server Error: Service Temporarily Unavailable for url: https://paper-api.alpaca.markets/v2/account

During handling of the above exception, another exception occurred:

Traceback (most recent call last):
  File "/Users/spusapati/Personal/Investment_stratergy/investment_strategy/orchestrator.py", line 353, in _watchdog_loop
    self.watchdog.check_once()
    ~~~~~~~~~~~~~~~~~~~~~~~~^^
  File "/Users/spusapati/Personal/Investment_stratergy/investment_strategy/monitor/watchdog.py", line 91, in check_once
    account = self.broker.get_account()
  File "/Users/spusapati/Personal/Investment_stratergy/investment_strategy/execution/alpaca_client.py", line 162, in get_account
    snap = self._read_account_once()
  File "/Users/spusapati/Personal/Investment_stratergy/investment_strategy/execution/alpaca_client.py", line 199, in _read_account_once
    a = _retry_read(self.trading.get_account, what="get_account")
  File "/Users/spusapati/Personal/Investment_stratergy/investment_strategy/execution/alpaca_client.py", line 117, in _retry_read
    return fn()
  File "/Users/spusapati/Personal/Investment_stratergy/.venv/lib/python3.13/site-packages/alpaca/trading/client.py", line 474, in get_account
    response = self.get("/account")
  File "/Users/spusapati/Personal/Investment_stratergy/.venv/lib/python3.13/site-packages/alpaca/common/rest.py", line 225, in get
    return self._request("GET", path, data, **kwargs)
           ~~~~~~~~~~~~~^^^^^^^^^^^^^^^^^^^^^^^^^^^^^
  File "/Users/spusapati/Personal/Investment_stratergy/.venv/lib/python3.13/site-packages/alpaca/common/rest.py", line 131, in _request
    return self._one_request(method, url, opts, retry)
           ~~~~~~~~~~~~~~~~~^^^^^^^^^^^^^^^^^^^^^^^^^^
  File "/Users/spusapati/Personal/Investment_stratergy/.venv/lib/python3.13/site-packages/alpaca/common/rest.py", line 207, in _one_request
    raise APIError(error, http_error)
alpaca.common.exceptions.APIError: {"message": "service temporary unavailable."}

2026-08-22 07:00:47,899 ERROR orchestrator | Watchdog tick failed; continuing.
Traceback (most recent call last):
  File "/Users/spusapati/Personal/Investment_stratergy/.venv/lib/python3.13/site-packages/alpaca/common/rest.py", line 198, in _one_request
    response.raise_for_status()
    ~~~~~~~~~~~~~~~~~~~~~~~~~^^
  File "/Users/spusapati/Personal/Investment_stratergy/.venv/lib/python3.13/site-packages/requests/models.py", line 1167, in raise_for_status
    raise HTTPError(http_error_msg, response=self)
requests.exceptions.HTTPError: 503 Server Error: Service Temporarily Unavailable for url: https://paper-api.alpaca.markets/v2/account

During handling of the above exception, another exception occurred:

Traceback (most recent call last):
  File "/Users/spusapati/Personal/Investment_stratergy/investment_strategy/orchestrator.py", line 353, in _watchdog_loop
    self.watchdog.check_once()
    ~~~~~~~~~~~~~~~~~~~~~~~~^^
  File "/Users/spusapati/Personal/Investment_stratergy/investment_strategy/monitor/watchdog.py", line 91, in check_once
    account = self.broker.get_account()
  File "/Users/spusapati/Personal/Investment_stratergy/investment_strategy/execution/alpaca_client.py", line 162, in get_account
    snap = self._read_account_once()
  File "/Users/spusapati/Personal/Investment_stratergy/investment_strategy/execution/alpaca_client.py", line 199, in _read_account_once
    a = _retry_read(self.trading.get_account, what="get_account")
  File "/Users/spusapati/Personal/Investment_stratergy/investment_strategy/execution/alpaca_client.py", line 117, in _retry_read
    return fn()
  File "/Users/spusapati/Personal/Investment_stratergy/.venv/lib/python3.13/site-packages/alpaca/trading/client.py", line 474, in get_account
    response = self.get("/account")
  File "/Users/spusapati/Personal/Investment_stratergy/.venv/lib/python3.13/site-packages/alpaca/common/rest.py", line 225, in get
    return self._request("GET", path, data, **kwargs)
           ~~~~~~~~~~~~~^^^^^^^^^^^^^^^^^^^^^^^^^^^^^
  File "/Users/spusapati/Personal/Investment_stratergy/.venv/lib/python3.13/site-packages/alpaca/common/rest.py", line 131, in _request
    return self._one_request(method, url, opts, retry)
           ~~~~~~~~~~~~~~~~~^^^^^^^^^^^^^^^^^^^^^^^^^^
  File "/Users/spusapati/Personal/Investment_stratergy/.venv/lib/python3.13/site-packages/alpaca/common/rest.py", line 207, in _one_request
    raise APIError(error, http_error)
alpaca.common.exceptions.APIError: {"message": "service temporary unavailable."}

2026-08-22 07:01:18,270 ERROR orchestrator | Watchdog tick failed; continuing.
Traceback (most recent call last):
  File "/Users/spusapati/Personal/Investment_stratergy/.venv/lib/python3.13/site-packages/alpaca/common/rest.py", line 198, in _one_request
    response.raise_for_status()
    ~~~~~~~~~~~~~~~~~~~~~~~~~^^
  File "/Users/spusapati/Personal/Investment_stratergy/.venv/lib/python3.13/site-packages/requests/models.py", line 1167, in raise_for_status
    raise HTTPError(http_error_msg, response=self)
requests.exceptions.HTTPError: 503 Server Error: Service Temporarily Unavailable for url: https://paper-api.alpaca.markets/v2/account

During handling of the above exception, another exception occurred:

Traceback (most recent call last):
  File "/Users/spusapati/Personal/Investment_stratergy/investment_strategy/orchestrator.py", line 353, in _watchdog_loop
    self.watchdog.check_once()
    ~~~~~~~~~~~~~~~~~~~~~~~~^^
  File "/Users/spusapati/Personal/Investment_stratergy/investment_strategy/monitor/watchdog.py", line 91, in check_once
    account = self.broker.get_account()
  File "/Users/spusapati/Personal/Investment_stratergy/investment_strategy/execution/alpaca_client.py", line 162, in get_account
    snap = self._read_account_once()
  File "/Users/spusapati/Personal/Investment_stratergy/investment_strategy/execution/alpaca_client.py", line 199, in _read_account_once
    a = _retry_read(self.trading.get_account, what="get_account")
  File "/Users/spusapati/Personal/Investment_stratergy/investment_strategy/execution/alpaca_client.py", line 117, in _retry_read
    return fn()
  File "/Users/spusapati/Personal/Investment_stratergy/.venv/lib/python3.13/site-packages/alpaca/trading/client.py", line 474, in get_account
    response = self.get("/account")
  File "/Users/spusapati/Personal/Investment_stratergy/.venv/lib/python3.13/site-packages/alpaca/common/rest.py", line 225, in get
    return self._request("GET", path, data, **kwargs)
           ~~~~~~~~~~~~~^^^^^^^^^^^^^^^^^^^^^^^^^^^^^
  File "/Users/spusapati/Personal/Investment_stratergy/.venv/lib/python3.13/site-packages/alpaca/common/rest.py", line 131, in _request
    return self._one_request(method, url, opts, retry)
           ~~~~~~~~~~~~~~~~~^^^^^^^^^^^^^^^^^^^^^^^^^^
  File "/Users/spusapati/Personal/Investment_stratergy/.venv/lib/python3.13/site-packages/alpaca/common/rest.py", line 207, in _one_request
    raise APIError(error, http_error)
alpaca.common.exceptions.APIError: {"message": "service temporary unavailable."}

2026-08-22 07:01:48,715 ERROR orchestrator | Watchdog tick failed; continuing.
Traceback (most recent call last):
  File "/Users/spusapati/Personal/Investment_stratergy/.venv/lib/python3.13/site-packages/alpaca/common/rest.py", line 198, in _one_request
    response.raise_for_status()
    ~~~~~~~~~~~~~~~~~~~~~~~~~^^
  File "/Users/spusapati/Personal/Investment_stratergy/.venv/lib/python3.13/site-packages/requests/models.py", line 1167, in raise_for_status
    raise HTTPError(http_error_msg, response=self)
requests.exceptions.HTTPError: 503 Server Error: Service Temporarily Unavailable for url: https://paper-api.alpaca.markets/v2/account

During handling of the above exception, another exception occurred:

Traceback (most recent call last):
  File "/Users/spusapati/Personal/Investment_stratergy/investment_strategy/orchestrator.py", line 353, in _watchdog_loop
    self.watchdog.check_once()
    ~~~~~~~~~~~~~~~~~~~~~~~~^^
  File "/Users/spusapati/Personal/Investment_stratergy/investment_strategy/monitor/watchdog.py", line 91, in check_once
    account = self.broker.get_account()
  File "/Users/spusapati/Personal/Investment_stratergy/investment_strategy/execution/alpaca_client.py", line 162, in get_account
    snap = self._read_account_once()
  File "/Users/spusapati/Personal/Investment_stratergy/investment_strategy/execution/alpaca_client.py", line 199, in _read_account_once
    a = _retry_read(self.trading.get_account, what="get_account")
  File "/Users/spusapati/Personal/Investment_stratergy/investment_strategy/execution/alpaca_client.py", line 117, in _retry_read
    return fn()
  File "/Users/spusapati/Personal/Investment_stratergy/.venv/lib/python3.13/site-packages/alpaca/trading/client.py", line 474, in get_account
    response = self.get("/account")
  File "/Users/spusapati/Personal/Investment_stratergy/.venv/lib/python3.13/site-packages/alpaca/common/rest.py", line 225, in get
    return self._request("GET", path, data, **kwargs)
           ~~~~~~~~~~~~~^^^^^^^^^^^^^^^^^^^^^^^^^^^^^
  File "/Users/spusapati/Personal/Investment_stratergy/.venv/lib/python3.13/site-packages/alpaca/common/rest.py", line 131, in _request
    return self._one_request(method, url, opts, retry)
           ~~~~~~~~~~~~~~~~~^^^^^^^^^^^^^^^^^^^^^^^^^^
  File "/Users/spusapati/Personal/Investment_stratergy/.venv/lib/python3.13/site-packages/alpaca/common/rest.py", line 207, in _one_request
    raise APIError(error, http_error)
alpaca.common.exceptions.APIError: {"message": "service temporary unavailable."}

2026-08-22 07:02:19,122 ERROR orchestrator | Watchdog tick failed; continuing.
Traceback (most recent call last):
  File "/Users/spusapati/Personal/Investment_stratergy/.venv/lib/python3.13/site-packages/alpaca/common/rest.py", line 198, in _one_request
    response.raise_for_status()
    ~~~~~~~~~~~~~~~~~~~~~~~~~^^
  File "/Users/spusapati/Personal/Investment_stratergy/.venv/lib/python3.13/site-packages/requests/models.py", line 1167, in raise_for_status
    raise HTTPError(http_error_msg, response=self)
requests.exceptions.HTTPError: 503 Server Error: Service Temporarily Unavailable for url: https://paper-api.alpaca.markets/v2/account

During handling of the above exception, another exception occurred:

Traceback (most recent call last):
  File "/Users/spusapati/Personal/Investment_stratergy/investment_strategy/orchestrator.py", line 353, in _watchdog_loop
    self.watchdog.check_once()
    ~~~~~~~~~~~~~~~~~~~~~~~~^^
  File "/Users/spusapati/Personal/Investment_stratergy/investment_strategy/monitor/watchdog.py", line 91, in check_once
    account = self.broker.get_account()
  File "/Users/spusapati/Personal/Investment_stratergy/investment_strategy/execution/alpaca_client.py", line 162, in get_account
    snap = self._read_account_once()
  File "/Users/spusapati/Personal/Investment_stratergy/investment_strategy/execution/alpaca_client.py", line 199, in _read_account_once
    a = _retry_read(self.trading.get_account, what="get_account")
  File "/Users/spusapati/Personal/Investment_stratergy/investment_strategy/execution/alpaca_client.py", line 117, in _retry_read
    return fn()
  File "/Users/spusapati/Personal/Investment_stratergy/.venv/lib/python3.13/site-packages/alpaca/trading/client.py", line 474, in get_account
    response = self.get("/account")
  File "/Users/spusapati/Personal/Investment_stratergy/.venv/lib/python3.13/site-packages/alpaca/common/rest.py", line 225, in get
    return self._request("GET", path, data, **kwargs)
           ~~~~~~~~~~~~~^^^^^^^^^^^^^^^^^^^^^^^^^^^^^
  File "/Users/spusapati/Personal/Investment_stratergy/.venv/lib/python3.13/site-packages/alpaca/common/rest.py", line 131, in _request
    return self._one_request(method, url, opts, retry)
           ~~~~~~~~~~~~~~~~~^^^^^^^^^^^^^^^^^^^^^^^^^^
  File "/Users/spusapati/Personal/Investment_stratergy/.venv/lib/python3.13/site-packages/alpaca/common/rest.py", line 207, in _one_request
    raise APIError(error, http_error)
alpaca.common.exceptions.APIError: {"message": "service temporary unavailable."}

2026-08-22 07:02:49,360 ERROR orchestrator | Watchdog tick failed; continuing.
Traceback (most recent call last):
  File "/Users/spusapati/Personal/Investment_stratergy/.venv/lib/python3.13/site-packages/alpaca/common/rest.py", line 198, in _one_request
    response.raise_for_status()
    ~~~~~~~~~~~~~~~~~~~~~~~~~^^
  File "/Users/spusapati/Personal/Investment_stratergy/.venv/lib/python3.13/site-packages/requests/models.py", line 1167, in raise_for_status
    raise HTTPError(http_error_msg, response=self)
requests.exceptions.HTTPError: 503 Server Error: Service Temporarily Unavailable for url: https://paper-api.alpaca.markets/v2/account

During handling of the above exception, another exception occurred:

Traceback (most recent call last):
  File "/Users/spusapati/Personal/Investment_stratergy/investment_strategy/orchestrator.py", line 353, in _watchdog_loop
    self.watchdog.check_once()
    ~~~~~~~~~~~~~~~~~~~~~~~~^^
  File "/Users/spusapati/Personal/Investment_stratergy/investment_strategy/monitor/watchdog.py", line 91, in check_once
    account = self.broker.get_account()
  File "/Users/spusapati/Personal/Investment_stratergy/investment_strategy/execution/alpaca_client.py", line 162, in get_account
    snap = self._read_account_once()
  File "/Users/spusapati/Personal/Investment_stratergy/investment_strategy/execution/alpaca_client.py", line 199, in _read_account_once
    a = _retry_read(self.trading.get_account, what="get_account")
  File "/Users/spusapati/Personal/Investment_stratergy/investment_strategy/execution/alpaca_client.py", line 117, in _retry_read
    return fn()
  File "/Users/spusapati/Personal/Investment_stratergy/.venv/lib/python3.13/site-packages/alpaca/trading/client.py", line 474, in get_account
    response = self.get("/account")
  File "/Users/spusapati/Personal/Investment_stratergy/.venv/lib/python3.13/site-packages/alpaca/common/rest.py", line 225, in get
    return self._request("GET", path, data, **kwargs)
           ~~~~~~~~~~~~~^^^^^^^^^^^^^^^^^^^^^^^^^^^^^
  File "/Users/spusapati/Personal/Investment_stratergy/.venv/lib/python3.13/site-packages/alpaca/common/rest.py", line 131, in _request
    return self._one_request(method, url, opts, retry)
           ~~~~~~~~~~~~~~~~~^^^^^^^^^^^^^^^^^^^^^^^^^^
  File "/Users/spusapati/Personal/Investment_stratergy/.venv/lib/python3.13/site-packages/alpaca/common/rest.py", line 207, in _one_request
    raise APIError(error, http_error)
alpaca.common.exceptions.APIError: {"message": "service temporary unavailable."}

2026-08-22 07:03:19,750 ERROR orchestrator | Watchdog tick failed; continuing.
Traceback (most recent call last):
  File "/Users/spusapati/Personal/Investment_stratergy/.venv/lib/python3.13/site-packages/alpaca/common/rest.py", line 198, in _one_request
    response.raise_for_status()
    ~~~~~~~~~~~~~~~~~~~~~~~~~^^
  File "/Users/spusapati/Personal/Investment_stratergy/.venv/lib/python3.13/site-packages/requests/models.py", line 1167, in raise_for_status
    raise HTTPError(http_error_msg, response=self)
requests.exceptions.HTTPError: 503 Server Error: Service Temporarily Unavailable for url: https://paper-api.alpaca.markets/v2/account

During handling of the above exception, another exception occurred:

Traceback (most recent call last):
  File "/Users/spusapati/Personal/Investment_stratergy/investment_strategy/orchestrator.py", line 353, in _watchdog_loop
    self.watchdog.check_once()
    ~~~~~~~~~~~~~~~~~~~~~~~~^^
  File "/Users/spusapati/Personal/Investment_stratergy/investment_strategy/monitor/watchdog.py", line 91, in check_once
    account = self.broker.get_account()
  File "/Users/spusapati/Personal/Investment_stratergy/investment_strategy/execution/alpaca_client.py", line 162, in get_account
    snap = self._read_account_once()
  File "/Users/spusapati/Personal/Investment_stratergy/investment_strategy/execution/alpaca_client.py", line 199, in _read_account_once
    a = _retry_read(self.trading.get_account, what="get_account")
  File "/Users/spusapati/Personal/Investment_stratergy/investment_strategy/execution/alpaca_client.py", line 117, in _retry_read
    return fn()
  File "/Users/spusapati/Personal/Investment_stratergy/.venv/lib/python3.13/site-packages/alpaca/trading/client.py", line 474, in get_account
    response = self.get("/account")
  File "/Users/spusapati/Personal/Investment_stratergy/.venv/lib/python3.13/site-packages/alpaca/common/rest.py", line 225, in get
    return self._request("GET", path, data, **kwargs)
           ~~~~~~~~~~~~~^^^^^^^^^^^^^^^^^^^^^^^^^^^^^
  File "/Users/spusapati/Personal/Investment_stratergy/.venv/lib/python3.13/site-packages/alpaca/common/rest.py", line 131, in _request
    return self._one_request(method, url, opts, retry)
           ~~~~~~~~~~~~~~~~~^^^^^^^^^^^^^^^^^^^^^^^^^^
  File "/Users/spusapati/Personal/Investment_stratergy/.venv/lib/python3.13/site-packages/alpaca/common/rest.py", line 207, in _one_request
    raise APIError(error, http_error)
alpaca.common.exceptions.APIError: {"message": "service temporary unavailable."}

2026-08-22 07:03:50,038 ERROR orchestrator | Watchdog tick failed; continuing.
Traceback (most recent call last):
  File "/Users/spusapati/Personal/Investment_stratergy/.venv/lib/python3.13/site-packages/alpaca/common/rest.py", line 198, in _one_request
    response.raise_for_status()
    ~~~~~~~~~~~~~~~~~~~~~~~~~^^
  File "/Users/spusapati/Personal/Investment_stratergy/.venv/lib/python3.13/site-packages/requests/models.py", line 1167, in raise_for_status
    raise HTTPError(http_error_msg, response=self)
requests.exceptions.HTTPError: 503 Server Error: Service Temporarily Unavailable for url: https://paper-api.alpaca.markets/v2/account

During handling of the above exception, another exception occurred:

Traceback (most recent call last):
  File "/Users/spusapati/Personal/Investment_stratergy/investment_strategy/orchestrator.py", line 353, in _watchdog_loop
    self.watchdog.check_once()
    ~~~~~~~~~~~~~~~~~~~~~~~~^^
  File "/Users/spusapati/Personal/Investment_stratergy/investment_strategy/monitor/watchdog.py", line 91, in check_once
    account = self.broker.get_account()
  File "/Users/spusapati/Personal/Investment_stratergy/investment_strategy/execution/alpaca_client.py", line 162, in get_account
    snap = self._read_account_once()
  File "/Users/spusapati/Personal/Investment_stratergy/investment_strategy/execution/alpaca_client.py", line 199, in _read_account_once
    a = _retry_read(self.trading.get_account, what="get_account")
  File "/Users/spusapati/Personal/Investment_stratergy/investment_strategy/execution/alpaca_client.py", line 117, in _retry_read
    return fn()
  File "/Users/spusapati/Personal/Investment_stratergy/.venv/lib/python3.13/site-packages/alpaca/trading/client.py", line 474, in get_account
    response = self.get("/account")
  File "/Users/spusapati/Personal/Investment_stratergy/.venv/lib/python3.13/site-packages/alpaca/common/rest.py", line 225, in get
    return self._request("GET", path, data, **kwargs)
           ~~~~~~~~~~~~~^^^^^^^^^^^^^^^^^^^^^^^^^^^^^
  File "/Users/spusapati/Personal/Investment_stratergy/.venv/lib/python3.13/site-packages/alpaca/common/rest.py", line 131, in _request
    return self._one_request(method, url, opts, retry)
           ~~~~~~~~~~~~~~~~~^^^^^^^^^^^^^^^^^^^^^^^^^^
  File "/Users/spusapati/Personal/Investment_stratergy/.venv/lib/python3.13/site-packages/alpaca/common/rest.py", line 207, in _one_request
    raise APIError(error, http_error)
alpaca.common.exceptions.APIError: {"message": "service temporary unavailable."}

2026-08-22 07:04:20,376 ERROR orchestrator | Watchdog tick failed; continuing.
Traceback (most recent call last):
  File "/Users/spusapati/Personal/Investment_stratergy/.venv/lib/python3.13/site-packages/alpaca/common/rest.py", line 198, in _one_request
    response.raise_for_status()
    ~~~~~~~~~~~~~~~~~~~~~~~~~^^
  File "/Users/spusapati/Personal/Investment_stratergy/.venv/lib/python3.13/site-packages/requests/models.py", line 1167, in raise_for_status
    raise HTTPError(http_error_msg, response=self)
requests.exceptions.HTTPError: 503 Server Error: Service Temporarily Unavailable for url: https://paper-api.alpaca.markets/v2/account

During handling of the above exception, another exception occurred:

Traceback (most recent call last):
  File "/Users/spusapati/Personal/Investment_stratergy/investment_strategy/orchestrator.py", line 353, in _watchdog_loop
    self.watchdog.check_once()
    ~~~~~~~~~~~~~~~~~~~~~~~~^^
  File "/Users/spusapati/Personal/Investment_stratergy/investment_strategy/monitor/watchdog.py", line 91, in check_once
    account = self.broker.get_account()
  File "/Users/spusapati/Personal/Investment_stratergy/investment_strategy/execution/alpaca_client.py", line 162, in get_account
    snap = self._read_account_once()
  File "/Users/spusapati/Personal/Investment_stratergy/investment_strategy/execution/alpaca_client.py", line 199, in _read_account_once
    a = _retry_read(self.trading.get_account, what="get_account")
  File "/Users/spusapati/Personal/Investment_stratergy/investment_strategy/execution/alpaca_client.py", line 117, in _retry_read
    return fn()
  File "/Users/spusapati/Personal/Investment_stratergy/.venv/lib/python3.13/site-packages/alpaca/trading/client.py", line 474, in get_account
    response = self.get("/account")
  File "/Users/spusapati/Personal/Investment_stratergy/.venv/lib/python3.13/site-packages/alpaca/common/rest.py", line 225, in get
    return self._request("GET", path, data, **kwargs)
           ~~~~~~~~~~~~~^^^^^^^^^^^^^^^^^^^^^^^^^^^^^
  File "/Users/spusapati/Personal/Investment_stratergy/.venv/lib/python3.13/site-packages/alpaca/common/rest.py", line 131, in _request
    return self._one_request(method, url, opts, retry)
           ~~~~~~~~~~~~~~~~~^^^^^^^^^^^^^^^^^^^^^^^^^^
  File "/Users/spusapati/Personal/Investment_stratergy/.venv/lib/python3.13/site-packages/alpaca/common/rest.py", line 207, in _one_request
    raise APIError(error, http_error)
alpaca.common.exceptions.APIError: {"message": "service temporary unavailable."}

2026-08-22 07:04:50,737 ERROR orchestrator | Watchdog tick failed; continuing.
Traceback (most recent call last):
  File "/Users/spusapati/Personal/Investment_stratergy/.venv/lib/python3.13/site-packages/alpaca/common/rest.py", line 198, in _one_request
    response.raise_for_status()
    ~~~~~~~~~~~~~~~~~~~~~~~~~^^
  File "/Users/spusapati/Personal/Investment_stratergy/.venv/lib/python3.13/site-packages/requests/models.py", line 1167, in raise_for_status
    raise HTTPError(http_error_msg, response=self)
requests.exceptions.HTTPError: 503 Server Error: Service Temporarily Unavailable for url: https://paper-api.alpaca.markets/v2/account

During handling of the above exception, another exception occurred:

Traceback (most recent call last):
  File "/Users/spusapati/Personal/Investment_stratergy/investment_strategy/orchestrator.py", line 353, in _watchdog_loop
    self.watchdog.check_once()
    ~~~~~~~~~~~~~~~~~~~~~~~~^^
  File "/Users/spusapati/Personal/Investment_stratergy/investment_strategy/monitor/watchdog.py", line 91, in check_once
    account = self.broker.get_account()
  File "/Users/spusapati/Personal/Investment_stratergy/investment_strategy/execution/alpaca_client.py", line 162, in get_account
    snap = self._read_account_once()
  File "/Users/spusapati/Personal/Investment_stratergy/investment_strategy/execution/alpaca_client.py", line 199, in _read_account_once
    a = _retry_read(self.trading.get_account, what="get_account")
  File "/Users/spusapati/Personal/Investment_stratergy/investment_strategy/execution/alpaca_client.py", line 117, in _retry_read
    return fn()
  File "/Users/spusapati/Personal/Investment_stratergy/.venv/lib/python3.13/site-packages/alpaca/trading/client.py", line 474, in get_account
    response = self.get("/account")
  File "/Users/spusapati/Personal/Investment_stratergy/.venv/lib/python3.13/site-packages/alpaca/common/rest.py", line 225, in get
    return self._request("GET", path, data, **kwargs)
           ~~~~~~~~~~~~~^^^^^^^^^^^^^^^^^^^^^^^^^^^^^
  File "/Users/spusapati/Personal/Investment_stratergy/.venv/lib/python3.13/site-packages/alpaca/common/rest.py", line 131, in _request
    return self._one_request(method, url, opts, retry)
           ~~~~~~~~~~~~~~~~~^^^^^^^^^^^^^^^^^^^^^^^^^^
  File "/Users/spusapati/Personal/Investment_stratergy/.venv/lib/python3.13/site-packages/alpaca/common/rest.py", line 207, in _one_request
    raise APIError(error, http_error)
alpaca.common.exceptions.APIError: {"message": "service temporary unavailable."}

2026-08-22 07:05:21,177 ERROR orchestrator | Watchdog tick failed; continuing.
Traceback (most recent call last):
  File "/Users/spusapati/Personal/Investment_stratergy/.venv/lib/python3.13/site-packages/alpaca/common/rest.py", line 198, in _one_request
    response.raise_for_status()
    ~~~~~~~~~~~~~~~~~~~~~~~~~^^
  File "/Users/spusapati/Personal/Investment_stratergy/.venv/lib/python3.13/site-packages/requests/models.py", line 1167, in raise_for_status
    raise HTTPError(http_error_msg, response=self)
requests.exceptions.HTTPError: 503 Server Error: Service Temporarily Unavailable for url: https://paper-api.alpaca.markets/v2/account

During handling of the above exception, another exception occurred:

Traceback (most recent call last):
  File "/Users/spusapati/Personal/Investment_stratergy/investment_strategy/orchestrator.py", line 353, in _watchdog_loop
    self.watchdog.check_once()
    ~~~~~~~~~~~~~~~~~~~~~~~~^^
  File "/Users/spusapati/Personal/Investment_stratergy/investment_strategy/monitor/watchdog.py", line 91, in check_once
    account = self.broker.get_account()
  File "/Users/spusapati/Personal/Investment_stratergy/investment_strategy/execution/alpaca_client.py", line 162, in get_account
    snap = self._read_account_once()
  File "/Users/spusapati/Personal/Investment_stratergy/investment_strategy/execution/alpaca_client.py", line 199, in _read_account_once
    a = _retry_read(self.trading.get_account, what="get_account")
  File "/Users/spusapati/Personal/Investment_stratergy/investment_strategy/execution/alpaca_client.py", line 117, in _retry_read
    return fn()
  File "/Users/spusapati/Personal/Investment_stratergy/.venv/lib/python3.13/site-packages/alpaca/trading/client.py", line 474, in get_account
    response = self.get("/account")
  File "/Users/spusapati/Personal/Investment_stratergy/.venv/lib/python3.13/site-packages/alpaca/common/rest.py", line 225, in get
    return self._request("GET", path, data, **kwargs)
           ~~~~~~~~~~~~~^^^^^^^^^^^^^^^^^^^^^^^^^^^^^
  File "/Users/spusapati/Personal/Investment_stratergy/.venv/lib/python3.13/site-packages/alpaca/common/rest.py", line 131, in _request
    return self._one_request(method, url, opts, retry)
           ~~~~~~~~~~~~~~~~~^^^^^^^^^^^^^^^^^^^^^^^^^^
  File "/Users/spusapati/Personal/Investment_stratergy/.venv/lib/python3.13/site-packages/alpaca/common/rest.py", line 207, in _one_request
    raise APIError(error, http_error)
alpaca.common.exceptions.APIError: {"message": "service temporary unavailable."}

2026-08-22 07:05:52,017 ERROR orchestrator | Watchdog tick failed; continuing.
Traceback (most recent call last):
  File "/Users/spusapati/Personal/Investment_stratergy/.venv/lib/python3.13/site-packages/alpaca/common/rest.py", line 198, in _one_request
    response.raise_for_status()
    ~~~~~~~~~~~~~~~~~~~~~~~~~^^
  File "/Users/spusapati/Personal/Investment_stratergy/.venv/lib/python3.13/site-packages/requests/models.py", line 1167, in raise_for_status
    raise HTTPError(http_error_msg, response=self)
requests.exceptions.HTTPError: 503 Server Error: Service Temporarily Unavailable for url: https://paper-api.alpaca.markets/v2/account

During handling of the above exception, another exception occurred:

Traceback (most recent call last):
  File "/Users/spusapati/Personal/Investment_stratergy/investment_strategy/orchestrator.py", line 353, in _watchdog_loop
    self.watchdog.check_once()
    ~~~~~~~~~~~~~~~~~~~~~~~~^^
  File "/Users/spusapati/Personal/Investment_stratergy/investment_strategy/monitor/watchdog.py", line 91, in check_once
    account = self.broker.get_account()
  File "/Users/spusapati/Personal/Investment_stratergy/investment_strategy/execution/alpaca_client.py", line 162, in get_account
    snap = self._read_account_once()
  File "/Users/spusapati/Personal/Investment_stratergy/investment_strategy/execution/alpaca_client.py", line 199, in _read_account_once
    a = _retry_read(self.trading.get_account, what="get_account")
  File "/Users/spusapati/Personal/Investment_stratergy/investment_strategy/execution/alpaca_client.py", line 117, in _retry_read
    return fn()
  File "/Users/spusapati/Personal/Investment_stratergy/.venv/lib/python3.13/site-packages/alpaca/trading/client.py", line 474, in get_account
    response = self.get("/account")
  File "/Users/spusapati/Personal/Investment_stratergy/.venv/lib/python3.13/site-packages/alpaca/common/rest.py", line 225, in get
    return self._request("GET", path, data, **kwargs)
           ~~~~~~~~~~~~~^^^^^^^^^^^^^^^^^^^^^^^^^^^^^
  File "/Users/spusapati/Personal/Investment_stratergy/.venv/lib/python3.13/site-packages/alpaca/common/rest.py", line 131, in _request
    return self._one_request(method, url, opts, retry)
           ~~~~~~~~~~~~~~~~~^^^^^^^^^^^^^^^^^^^^^^^^^^
  File "/Users/spusapati/Personal/Investment_stratergy/.venv/lib/python3.13/site-packages/alpaca/common/rest.py", line 207, in _one_request
    raise APIError(error, http_error)
alpaca.common.exceptions.APIError: {"message": "service temporary unavailable."}

2026-08-22 07:06:22,549 ERROR orchestrator | Watchdog tick failed; continuing.
Traceback (most recent call last):
  File "/Users/spusapati/Personal/Investment_stratergy/.venv/lib/python3.13/site-packages/alpaca/common/rest.py", line 198, in _one_request
    response.raise_for_status()
    ~~~~~~~~~~~~~~~~~~~~~~~~~^^
  File "/Users/spusapati/Personal/Investment_stratergy/.venv/lib/python3.13/site-packages/requests/models.py", line 1167, in raise_for_status
    raise HTTPError(http_error_msg, response=self)
requests.exceptions.HTTPError: 503 Server Error: Service Temporarily Unavailable for url: https://paper-api.alpaca.markets/v2/account

During handling of the above exception, another exception occurred:

Traceback (most recent call last):
  File "/Users/spusapati/Personal/Investment_stratergy/investment_strategy/orchestrator.py", line 353, in _watchdog_loop
    self.watchdog.check_once()
    ~~~~~~~~~~~~~~~~~~~~~~~~^^
  File "/Users/spusapati/Personal/Investment_stratergy/investment_strategy/monitor/watchdog.py", line 91, in check_once
    account = self.broker.get_account()
  File "/Users/spusapati/Personal/Investment_stratergy/investment_strategy/execution/alpaca_client.py", line 162, in get_account
    snap = self._read_account_once()
  File "/Users/spusapati/Personal/Investment_stratergy/investment_strategy/execution/alpaca_client.py", line 199, in _read_account_once
    a = _retry_read(self.trading.get_account, what="get_account")
  File "/Users/spusapati/Personal/Investment_stratergy/investment_strategy/execution/alpaca_client.py", line 117, in _retry_read
    return fn()
  File "/Users/spusapati/Personal/Investment_stratergy/.venv/lib/python3.13/site-packages/alpaca/trading/client.py", line 474, in get_account
    response = self.get("/account")
  File "/Users/spusapati/Personal/Investment_stratergy/.venv/lib/python3.13/site-packages/alpaca/common/rest.py", line 225, in get
    return self._request("GET", path, data, **kwargs)
           ~~~~~~~~~~~~~^^^^^^^^^^^^^^^^^^^^^^^^^^^^^
  File "/Users/spusapati/Personal/Investment_stratergy/.venv/lib/python3.13/site-packages/alpaca/common/rest.py", line 131, in _request
    return self._one_request(method, url, opts, retry)
           ~~~~~~~~~~~~~~~~~^^^^^^^^^^^^^^^^^^^^^^^^^^
  File "/Users/spusapati/Personal/Investment_stratergy/.venv/lib/python3.13/site-packages/alpaca/common/rest.py", line 207, in _one_request
    raise APIError(error, http_error)
alpaca.common.exceptions.APIError: {"message": "service temporary unavailable."}

2026-08-22 07:06:52,850 ERROR orchestrator | Watchdog tick failed; continuing.
Traceback (most recent call last):
  File "/Users/spusapati/Personal/Investment_stratergy/.venv/lib/python3.13/site-packages/alpaca/common/rest.py", line 198, in _one_request
    response.raise_for_status()
    ~~~~~~~~~~~~~~~~~~~~~~~~~^^
  File "/Users/spusapati/Personal/Investment_stratergy/.venv/lib/python3.13/site-packages/requests/models.py", line 1167, in raise_for_status
    raise HTTPError(http_error_msg, response=self)
requests.exceptions.HTTPError: 503 Server Error: Service Temporarily Unavailable for url: https://paper-api.alpaca.markets/v2/account

During handling of the above exception, another exception occurred:

Traceback (most recent call last):
  File "/Users/spusapati/Personal/Investment_stratergy/investment_strategy/orchestrator.py", line 353, in _watchdog_loop
    self.watchdog.check_once()
    ~~~~~~~~~~~~~~~~~~~~~~~~^^
  File "/Users/spusapati/Personal/Investment_stratergy/investment_strategy/monitor/watchdog.py", line 91, in check_once
    account = self.broker.get_account()
  File "/Users/spusapati/Personal/Investment_stratergy/investment_strategy/execution/alpaca_client.py", line 162, in get_account
    snap = self._read_account_once()
  File "/Users/spusapati/Personal/Investment_stratergy/investment_strategy/execution/alpaca_client.py", line 199, in _read_account_once
    a = _retry_read(self.trading.get_account, what="get_account")
  File "/Users/spusapati/Personal/Investment_stratergy/investment_strategy/execution/alpaca_client.py", line 117, in _retry_read
    return fn()
  File "/Users/spusapati/Personal/Investment_stratergy/.venv/lib/python3.13/site-packages/alpaca/trading/client.py", line 474, in get_account
    response = self.get("/account")
  File "/Users/spusapati/Personal/Investment_stratergy/.venv/lib/python3.13/site-packages/alpaca/common/rest.py", line 225, in get
    return self._request("GET", path, data, **kwargs)
           ~~~~~~~~~~~~~^^^^^^^^^^^^^^^^^^^^^^^^^^^^^
  File "/Users/spusapati/Personal/Investment_stratergy/.venv/lib/python3.13/site-packages/alpaca/common/rest.py", line 131, in _request
    return self._one_request(method, url, opts, retry)
           ~~~~~~~~~~~~~~~~~^^^^^^^^^^^^^^^^^^^^^^^^^^
  File "/Users/spusapati/Personal/Investment_stratergy/.venv/lib/python3.13/site-packages/alpaca/common/rest.py", line 207, in _one_request
    raise APIError(error, http_error)
alpaca.common.exceptions.APIError: {"message": "service temporary unavailable."}

2026-08-22 07:07:23,217 ERROR orchestrator | Watchdog tick failed; continuing.
Traceback (most recent call last):
  File "/Users/spusapati/Personal/Investment_stratergy/.venv/lib/python3.13/site-packages/alpaca/common/rest.py", line 198, in _one_request
    response.raise_for_status()
    ~~~~~~~~~~~~~~~~~~~~~~~~~^^
  File "/Users/spusapati/Personal/Investment_stratergy/.venv/lib/python3.13/site-packages/requests/models.py", line 1167, in raise_for_status
    raise HTTPError(http_error_msg, response=self)
requests.exceptions.HTTPError: 503 Server Error: Service Temporarily Unavailable for url: https://paper-api.alpaca.markets/v2/account

During handling of the above exception, another exception occurred:

Traceback (most recent call last):
  File "/Users/spusapati/Personal/Investment_stratergy/investment_strategy/orchestrator.py", line 353, in _watchdog_loop
    self.watchdog.check_once()
    ~~~~~~~~~~~~~~~~~~~~~~~~^^
  File "/Users/spusapati/Personal/Investment_stratergy/investment_strategy/monitor/watchdog.py", line 91, in check_once
    account = self.broker.get_account()
  File "/Users/spusapati/Personal/Investment_stratergy/investment_strategy/execution/alpaca_client.py", line 162, in get_account
    snap = self._read_account_once()
  File "/Users/spusapati/Personal/Investment_stratergy/investment_strategy/execution/alpaca_client.py", line 199, in _read_account_once
    a = _retry_read(self.trading.get_account, what="get_account")
  File "/Users/spusapati/Personal/Investment_stratergy/investment_strategy/execution/alpaca_client.py", line 117, in _retry_read
    return fn()
  File "/Users/spusapati/Personal/Investment_stratergy/.venv/lib/python3.13/site-packages/alpaca/trading/client.py", line 474, in get_account
    response = self.get("/account")
  File "/Users/spusapati/Personal/Investment_stratergy/.venv/lib/python3.13/site-packages/alpaca/common/rest.py", line 225, in get
    return self._request("GET", path, data, **kwargs)
           ~~~~~~~~~~~~~^^^^^^^^^^^^^^^^^^^^^^^^^^^^^
  File "/Users/spusapati/Personal/Investment_stratergy/.venv/lib/python3.13/site-packages/alpaca/common/rest.py", line 131, in _request
    return self._one_request(method, url, opts, retry)
           ~~~~~~~~~~~~~~~~~^^^^^^^^^^^^^^^^^^^^^^^^^^
  File "/Users/spusapati/Personal/Investment_stratergy/.venv/lib/python3.13/site-packages/alpaca/common/rest.py", line 207, in _one_request
    raise APIError(error, http_error)
alpaca.common.exceptions.APIError: {"message": "service temporary unavailable."}

2026-08-22 07:07:53,627 ERROR orchestrator | Watchdog tick failed; continuing.
Traceback (most recent call last):
  File "/Users/spusapati/Personal/Investment_stratergy/.venv/lib/python3.13/site-packages/alpaca/common/rest.py", line 198, in _one_request
    response.raise_for_status()
    ~~~~~~~~~~~~~~~~~~~~~~~~~^^
  File "/Users/spusapati/Personal/Investment_stratergy/.venv/lib/python3.13/site-packages/requests/models.py", line 1167, in raise_for_status
    raise HTTPError(http_error_msg, response=self)
requests.exceptions.HTTPError: 503 Server Error: Service Temporarily Unavailable for url: https://paper-api.alpaca.markets/v2/account

During handling of the above exception, another exception occurred:

Traceback (most recent call last):
  File "/Users/spusapati/Personal/Investment_stratergy/investment_strategy/orchestrator.py", line 353, in _watchdog_loop
    self.watchdog.check_once()
    ~~~~~~~~~~~~~~~~~~~~~~~~^^
  File "/Users/spusapati/Personal/Investment_stratergy/investment_strategy/monitor/watchdog.py", line 91, in check_once
    account = self.broker.get_account()
  File "/Users/spusapati/Personal/Investment_stratergy/investment_strategy/execution/alpaca_client.py", line 162, in get_account
    snap = self._read_account_once()
  File "/Users/spusapati/Personal/Investment_stratergy/investment_strategy/execution/alpaca_client.py", line 199, in _read_account_once
    a = _retry_read(self.trading.get_account, what="get_account")
  File "/Users/spusapati/Personal/Investment_stratergy/investment_strategy/execution/alpaca_client.py", line 117, in _retry_read
    return fn()
  File "/Users/spusapati/Personal/Investment_stratergy/.venv/lib/python3.13/site-packages/alpaca/trading/client.py", line 474, in get_account
    response = self.get("/account")
  File "/Users/spusapati/Personal/Investment_stratergy/.venv/lib/python3.13/site-packages/alpaca/common/rest.py", line 225, in get
    return self._request("GET", path, data, **kwargs)
           ~~~~~~~~~~~~~^^^^^^^^^^^^^^^^^^^^^^^^^^^^^
  File "/Users/spusapati/Personal/Investment_stratergy/.venv/lib/python3.13/site-packages/alpaca/common/rest.py", line 131, in _request
    return self._one_request(method, url, opts, retry)
           ~~~~~~~~~~~~~~~~~^^^^^^^^^^^^^^^^^^^^^^^^^^
  File "/Users/spusapati/Personal/Investment_stratergy/.venv/lib/python3.13/site-packages/alpaca/common/rest.py", line 207, in _one_request
    raise APIError(error, http_error)
alpaca.common.exceptions.APIError: {"message": "service temporary unavailable."}

2026-08-22 07:08:09,369 INFO orchestrator | Market closed; skipping decision cycle.
2026-08-22 07:08:24,038 ERROR orchestrator | Watchdog tick failed; continuing.
Traceback (most recent call last):
  File "/Users/spusapati/Personal/Investment_stratergy/.venv/lib/python3.13/site-packages/alpaca/common/rest.py", line 198, in _one_request
    response.raise_for_status()
    ~~~~~~~~~~~~~~~~~~~~~~~~~^^
  File "/Users/spusapati/Personal/Investment_stratergy/.venv/lib/python3.13/site-packages/requests/models.py", line 1167, in raise_for_status
    raise HTTPError(http_error_msg, response=self)
requests.exceptions.HTTPError: 503 Server Error: Service Temporarily Unavailable for url: https://paper-api.alpaca.markets/v2/account

During handling of the above exception, another exception occurred:

Traceback (most recent call last):
  File "/Users/spusapati/Personal/Investment_stratergy/investment_strategy/orchestrator.py", line 353, in _watchdog_loop
    self.watchdog.check_once()
    ~~~~~~~~~~~~~~~~~~~~~~~~^^
  File "/Users/spusapati/Personal/Investment_stratergy/investment_strategy/monitor/watchdog.py", line 91, in check_once
    account = self.broker.get_account()
  File "/Users/spusapati/Personal/Investment_stratergy/investment_strategy/execution/alpaca_client.py", line 162, in get_account
    snap = self._read_account_once()
  File "/Users/spusapati/Personal/Investment_stratergy/investment_strategy/execution/alpaca_client.py", line 199, in _read_account_once
    a = _retry_read(self.trading.get_account, what="get_account")
  File "/Users/spusapati/Personal/Investment_stratergy/investment_strategy/execution/alpaca_client.py", line 117, in _retry_read
    return fn()
  File "/Users/spusapati/Personal/Investment_stratergy/.venv/lib/python3.13/site-packages/alpaca/trading/client.py", line 474, in get_account
    response = self.get("/account")
  File "/Users/spusapati/Personal/Investment_stratergy/.venv/lib/python3.13/site-packages/alpaca/common/rest.py", line 225, in get
    return self._request("GET", path, data, **kwargs)
           ~~~~~~~~~~~~~^^^^^^^^^^^^^^^^^^^^^^^^^^^^^
  File "/Users/spusapati/Personal/Investment_stratergy/.venv/lib/python3.13/site-packages/alpaca/common/rest.py", line 131, in _request
    return self._one_request(method, url, opts, retry)
           ~~~~~~~~~~~~~~~~~^^^^^^^^^^^^^^^^^^^^^^^^^^
  File "/Users/spusapati/Personal/Investment_stratergy/.venv/lib/python3.13/site-packages/alpaca/common/rest.py", line 207, in _one_request
    raise APIError(error, http_error)
alpaca.common.exceptions.APIError: {"message": "service temporary unavailable."}

2026-08-22 07:08:54,450 ERROR orchestrator | Watchdog tick failed; continuing.
Traceback (most recent call last):
  File "/Users/spusapati/Personal/Investment_stratergy/.venv/lib/python3.13/site-packages/alpaca/common/rest.py", line 198, in _one_request
    response.raise_for_status()
    ~~~~~~~~~~~~~~~~~~~~~~~~~^^
  File "/Users/spusapati/Personal/Investment_stratergy/.venv/lib/python3.13/site-packages/requests/models.py", line 1167, in raise_for_status
    raise HTTPError(http_error_msg, response=self)
requests.exceptions.HTTPError: 503 Server Error: Service Temporarily Unavailable for url: https://paper-api.alpaca.markets/v2/account

During handling of the above exception, another exception occurred:

Traceback (most recent call last):
  File "/Users/spusapati/Personal/Investment_stratergy/investment_strategy/orchestrator.py", line 353, in _watchdog_loop
    self.watchdog.check_once()
    ~~~~~~~~~~~~~~~~~~~~~~~~^^
  File "/Users/spusapati/Personal/Investment_stratergy/investment_strategy/monitor/watchdog.py", line 91, in check_once
    account = self.broker.get_account()
  File "/Users/spusapati/Personal/Investment_stratergy/investment_strategy/execution/alpaca_client.py", line 162, in get_account
    snap = self._read_account_once()
  File "/Users/spusapati/Personal/Investment_stratergy/investment_strategy/execution/alpaca_client.py", line 199, in _read_account_once
    a = _retry_read(self.trading.get_account, what="get_account")
  File "/Users/spusapati/Personal/Investment_stratergy/investment_strategy/execution/alpaca_client.py", line 117, in _retry_read
    return fn()
  File "/Users/spusapati/Personal/Investment_stratergy/.venv/lib/python3.13/site-packages/alpaca/trading/client.py", line 474, in get_account
    response = self.get("/account")
  File "/Users/spusapati/Personal/Investment_stratergy/.venv/lib/python3.13/site-packages/alpaca/common/rest.py", line 225, in get
    return self._request("GET", path, data, **kwargs)
           ~~~~~~~~~~~~~^^^^^^^^^^^^^^^^^^^^^^^^^^^^^
  File "/Users/spusapati/Personal/Investment_stratergy/.venv/lib/python3.13/site-packages/alpaca/common/rest.py", line 131, in _request
    return self._one_request(method, url, opts, retry)
           ~~~~~~~~~~~~~~~~~^^^^^^^^^^^^^^^^^^^^^^^^^^
  File "/Users/spusapati/Personal/Investment_stratergy/.venv/lib/python3.13/site-packages/alpaca/common/rest.py", line 207, in _one_request
    raise APIError(error, http_error)
alpaca.common.exceptions.APIError: {"message": "service temporary unavailable."}

2026-08-22 07:09:24,855 ERROR orchestrator | Watchdog tick failed; continuing.
Traceback (most recent call last):
  File "/Users/spusapati/Personal/Investment_stratergy/.venv/lib/python3.13/site-packages/alpaca/common/rest.py", line 198, in _one_request
    response.raise_for_status()
    ~~~~~~~~~~~~~~~~~~~~~~~~~^^
  File "/Users/spusapati/Personal/Investment_stratergy/.venv/lib/python3.13/site-packages/requests/models.py", line 1167, in raise_for_status
    raise HTTPError(http_error_msg, response=self)
requests.exceptions.HTTPError: 503 Server Error: Service Temporarily Unavailable for url: https://paper-api.alpaca.markets/v2/account

During handling of the above exception, another exception occurred:

Traceback (most recent call last):
  File "/Users/spusapati/Personal/Investment_stratergy/investment_strategy/orchestrator.py", line 353, in _watchdog_loop
    self.watchdog.check_once()
    ~~~~~~~~~~~~~~~~~~~~~~~~^^
  File "/Users/spusapati/Personal/Investment_stratergy/investment_strategy/monitor/watchdog.py", line 91, in check_once
    account = self.broker.get_account()
  File "/Users/spusapati/Personal/Investment_stratergy/investment_strategy/execution/alpaca_client.py", line 162, in get_account
    snap = self._read_account_once()
  File "/Users/spusapati/Personal/Investment_stratergy/investment_strategy/execution/alpaca_client.py", line 199, in _read_account_once
    a = _retry_read(self.trading.get_account, what="get_account")
  File "/Users/spusapati/Personal/Investment_stratergy/investment_strategy/execution/alpaca_client.py", line 117, in _retry_read
    return fn()
  File "/Users/spusapati/Personal/Investment_stratergy/.venv/lib/python3.13/site-packages/alpaca/trading/client.py", line 474, in get_account
    response = self.get("/account")
  File "/Users/spusapati/Personal/Investment_stratergy/.venv/lib/python3.13/site-packages/alpaca/common/rest.py", line 225, in get
    return self._request("GET", path, data, **kwargs)
           ~~~~~~~~~~~~~^^^^^^^^^^^^^^^^^^^^^^^^^^^^^
  File "/Users/spusapati/Personal/Investment_stratergy/.venv/lib/python3.13/site-packages/alpaca/common/rest.py", line 131, in _request
    return self._one_request(method, url, opts, retry)
           ~~~~~~~~~~~~~~~~~^^^^^^^^^^^^^^^^^^^^^^^^^^
  File "/Users/spusapati/Personal/Investment_stratergy/.venv/lib/python3.13/site-packages/alpaca/common/rest.py", line 207, in _one_request
    raise APIError(error, http_error)
alpaca.common.exceptions.APIError: {"message": "service temporary unavailable."}

2026-08-22 07:09:55,263 ERROR orchestrator | Watchdog tick failed; continuing.
Traceback (most recent call last):
  File "/Users/spusapati/Personal/Investment_stratergy/.venv/lib/python3.13/site-packages/alpaca/common/rest.py", line 198, in _one_request
    response.raise_for_status()
    ~~~~~~~~~~~~~~~~~~~~~~~~~^^
  File "/Users/spusapati/Personal/Investment_stratergy/.venv/lib/python3.13/site-packages/requests/models.py", line 1167, in raise_for_status
    raise HTTPError(http_error_msg, response=self)
requests.exceptions.HTTPError: 503 Server Error: Service Temporarily Unavailable for url: https://paper-api.alpaca.markets/v2/account

During handling of the above exception, another exception occurred:

Traceback (most recent call last):
  File "/Users/spusapati/Personal/Investment_stratergy/investment_strategy/orchestrator.py", line 353, in _watchdog_loop
    self.watchdog.check_once()
    ~~~~~~~~~~~~~~~~~~~~~~~~^^
  File "/Users/spusapati/Personal/Investment_stratergy/investment_strategy/monitor/watchdog.py", line 91, in check_once
    account = self.broker.get_account()
  File "/Users/spusapati/Personal/Investment_stratergy/investment_strategy/execution/alpaca_client.py", line 162, in get_account
    snap = self._read_account_once()
  File "/Users/spusapati/Personal/Investment_stratergy/investment_strategy/execution/alpaca_client.py", line 199, in _read_account_once
    a = _retry_read(self.trading.get_account, what="get_account")
  File "/Users/spusapati/Personal/Investment_stratergy/investment_strategy/execution/alpaca_client.py", line 117, in _retry_read
    return fn()
  File "/Users/spusapati/Personal/Investment_stratergy/.venv/lib/python3.13/site-packages/alpaca/trading/client.py", line 474, in get_account
    response = self.get("/account")
  File "/Users/spusapati/Personal/Investment_stratergy/.venv/lib/python3.13/site-packages/alpaca/common/rest.py", line 225, in get
    return self._request("GET", path, data, **kwargs)
           ~~~~~~~~~~~~~^^^^^^^^^^^^^^^^^^^^^^^^^^^^^
  File "/Users/spusapati/Personal/Investment_stratergy/.venv/lib/python3.13/site-packages/alpaca/common/rest.py", line 131, in _request
    return self._one_request(method, url, opts, retry)
           ~~~~~~~~~~~~~~~~~^^^^^^^^^^^^^^^^^^^^^^^^^^
  File "/Users/spusapati/Personal/Investment_stratergy/.venv/lib/python3.13/site-packages/alpaca/common/rest.py", line 207, in _one_request
    raise APIError(error, http_error)
alpaca.common.exceptions.APIError: {"message": "service temporary unavailable."}

2026-08-22 07:10:25,674 ERROR orchestrator | Watchdog tick failed; continuing.
Traceback (most recent call last):
  File "/Users/spusapati/Personal/Investment_stratergy/.venv/lib/python3.13/site-packages/alpaca/common/rest.py", line 198, in _one_request
    response.raise_for_status()
    ~~~~~~~~~~~~~~~~~~~~~~~~~^^
  File "/Users/spusapati/Personal/Investment_stratergy/.venv/lib/python3.13/site-packages/requests/models.py", line 1167, in raise_for_status
    raise HTTPError(http_error_msg, response=self)
requests.exceptions.HTTPError: 503 Server Error: Service Temporarily Unavailable for url: https://paper-api.alpaca.markets/v2/account

During handling of the above exception, another exception occurred:

Traceback (most recent call last):
  File "/Users/spusapati/Personal/Investment_stratergy/investment_strategy/orchestrator.py", line 353, in _watchdog_loop
    self.watchdog.check_once()
    ~~~~~~~~~~~~~~~~~~~~~~~~^^
  File "/Users/spusapati/Personal/Investment_stratergy/investment_strategy/monitor/watchdog.py", line 91, in check_once
    account = self.broker.get_account()
  File "/Users/spusapati/Personal/Investment_stratergy/investment_strategy/execution/alpaca_client.py", line 162, in get_account
    snap = self._read_account_once()
  File "/Users/spusapati/Personal/Investment_stratergy/investment_strategy/execution/alpaca_client.py", line 199, in _read_account_once
    a = _retry_read(self.trading.get_account, what="get_account")
  File "/Users/spusapati/Personal/Investment_stratergy/investment_strategy/execution/alpaca_client.py", line 117, in _retry_read
    return fn()
  File "/Users/spusapati/Personal/Investment_stratergy/.venv/lib/python3.13/site-packages/alpaca/trading/client.py", line 474, in get_account
    response = self.get("/account")
  File "/Users/spusapati/Personal/Investment_stratergy/.venv/lib/python3.13/site-packages/alpaca/common/rest.py", line 225, in get
    return self._request("GET", path, data, **kwargs)
           ~~~~~~~~~~~~~^^^^^^^^^^^^^^^^^^^^^^^^^^^^^
  File "/Users/spusapati/Personal/Investment_stratergy/.venv/lib/python3.13/site-packages/alpaca/common/rest.py", line 131, in _request
    return self._one_request(method, url, opts, retry)
           ~~~~~~~~~~~~~~~~~^^^^^^^^^^^^^^^^^^^^^^^^^^
  File "/Users/spusapati/Personal/Investment_stratergy/.venv/lib/python3.13/site-packages/alpaca/common/rest.py", line 207, in _one_request
    raise APIError(error, http_error)
alpaca.common.exceptions.APIError: {"message": "service temporary unavailable."}

2026-08-22 07:10:56,112 ERROR orchestrator | Watchdog tick failed; continuing.
Traceback (most recent call last):
  File "/Users/spusapati/Personal/Investment_stratergy/.venv/lib/python3.13/site-packages/alpaca/common/rest.py", line 198, in _one_request
    response.raise_for_status()
    ~~~~~~~~~~~~~~~~~~~~~~~~~^^
  File "/Users/spusapati/Personal/Investment_stratergy/.venv/lib/python3.13/site-packages/requests/models.py", line 1167, in raise_for_status
    raise HTTPError(http_error_msg, response=self)
requests.exceptions.HTTPError: 503 Server Error: Service Temporarily Unavailable for url: https://paper-api.alpaca.markets/v2/account

During handling of the above exception, another exception occurred:

Traceback (most recent call last):
  File "/Users/spusapati/Personal/Investment_stratergy/investment_strategy/orchestrator.py", line 353, in _watchdog_loop
    self.watchdog.check_once()
    ~~~~~~~~~~~~~~~~~~~~~~~~^^
  File "/Users/spusapati/Personal/Investment_stratergy/investment_strategy/monitor/watchdog.py", line 91, in check_once
    account = self.broker.get_account()
  File "/Users/spusapati/Personal/Investment_stratergy/investment_strategy/execution/alpaca_client.py", line 162, in get_account
    snap = self._read_account_once()
  File "/Users/spusapati/Personal/Investment_stratergy/investment_strategy/execution/alpaca_client.py", line 199, in _read_account_once
    a = _retry_read(self.trading.get_account, what="get_account")
  File "/Users/spusapati/Personal/Investment_stratergy/investment_strategy/execution/alpaca_client.py", line 117, in _retry_read
    return fn()
  File "/Users/spusapati/Personal/Investment_stratergy/.venv/lib/python3.13/site-packages/alpaca/trading/client.py", line 474, in get_account
    response = self.get("/account")
  File "/Users/spusapati/Personal/Investment_stratergy/.venv/lib/python3.13/site-packages/alpaca/common/rest.py", line 225, in get
    return self._request("GET", path, data, **kwargs)
           ~~~~~~~~~~~~~^^^^^^^^^^^^^^^^^^^^^^^^^^^^^
  File "/Users/spusapati/Personal/Investment_stratergy/.venv/lib/python3.13/site-packages/alpaca/common/rest.py", line 131, in _request
    return self._one_request(method, url, opts, retry)
           ~~~~~~~~~~~~~~~~~^^^^^^^^^^^^^^^^^^^^^^^^^^
  File "/Users/spusapati/Personal/Investment_stratergy/.venv/lib/python3.13/site-packages/alpaca/common/rest.py", line 207, in _one_request
    raise APIError(error, http_error)
alpaca.common.exceptions.APIError: {"message": "service temporary unavailable."}

2026-08-22 07:11:26,503 ERROR orchestrator | Watchdog tick failed; continuing.
Traceback (most recent call last):
  File "/Users/spusapati/Personal/Investment_stratergy/.venv/lib/python3.13/site-packages/alpaca/common/rest.py", line 198, in _one_request
    response.raise_for_status()
    ~~~~~~~~~~~~~~~~~~~~~~~~~^^
  File "/Users/spusapati/Personal/Investment_stratergy/.venv/lib/python3.13/site-packages/requests/models.py", line 1167, in raise_for_status
    raise HTTPError(http_error_msg, response=self)
requests.exceptions.HTTPError: 503 Server Error: Service Temporarily Unavailable for url: https://paper-api.alpaca.markets/v2/account

During handling of the above exception, another exception occurred:

Traceback (most recent call last):
  File "/Users/spusapati/Personal/Investment_stratergy/investment_strategy/orchestrator.py", line 353, in _watchdog_loop
    self.watchdog.check_once()
    ~~~~~~~~~~~~~~~~~~~~~~~~^^
  File "/Users/spusapati/Personal/Investment_stratergy/investment_strategy/monitor/watchdog.py", line 91, in check_once
    account = self.broker.get_account()
  File "/Users/spusapati/Personal/Investment_stratergy/investment_strategy/execution/alpaca_client.py", line 162, in get_account
    snap = self._read_account_once()
  File "/Users/spusapati/Personal/Investment_stratergy/investment_strategy/execution/alpaca_client.py", line 199, in _read_account_once
    a = _retry_read(self.trading.get_account, what="get_account")
  File "/Users/spusapati/Personal/Investment_stratergy/investment_strategy/execution/alpaca_client.py", line 117, in _retry_read
    return fn()
  File "/Users/spusapati/Personal/Investment_stratergy/.venv/lib/python3.13/site-packages/alpaca/trading/client.py", line 474, in get_account
    response = self.get("/account")
  File "/Users/spusapati/Personal/Investment_stratergy/.venv/lib/python3.13/site-packages/alpaca/common/rest.py", line 225, in get
    return self._request("GET", path, data, **kwargs)
           ~~~~~~~~~~~~~^^^^^^^^^^^^^^^^^^^^^^^^^^^^^
  File "/Users/spusapati/Personal/Investment_stratergy/.venv/lib/python3.13/site-packages/alpaca/common/rest.py", line 131, in _request
    return self._one_request(method, url, opts, retry)
           ~~~~~~~~~~~~~~~~~^^^^^^^^^^^^^^^^^^^^^^^^^^
  File "/Users/spusapati/Personal/Investment_stratergy/.venv/lib/python3.13/site-packages/alpaca/common/rest.py", line 207, in _one_request
    raise APIError(error, http_error)
alpaca.common.exceptions.APIError: {"message": "service temporary unavailable."}

2026-08-22 07:11:56,725 ERROR orchestrator | Watchdog tick failed; continuing.
Traceback (most recent call last):
  File "/Users/spusapati/Personal/Investment_stratergy/.venv/lib/python3.13/site-packages/alpaca/common/rest.py", line 198, in _one_request
    response.raise_for_status()
    ~~~~~~~~~~~~~~~~~~~~~~~~~^^
  File "/Users/spusapati/Personal/Investment_stratergy/.venv/lib/python3.13/site-packages/requests/models.py", line 1167, in raise_for_status
    raise HTTPError(http_error_msg, response=self)
requests.exceptions.HTTPError: 503 Server Error: Service Temporarily Unavailable for url: https://paper-api.alpaca.markets/v2/account

During handling of the above exception, another exception occurred:

Traceback (most recent call last):
  File "/Users/spusapati/Personal/Investment_stratergy/investment_strategy/orchestrator.py", line 353, in _watchdog_loop
    self.watchdog.check_once()
    ~~~~~~~~~~~~~~~~~~~~~~~~^^
  File "/Users/spusapati/Personal/Investment_stratergy/investment_strategy/monitor/watchdog.py", line 91, in check_once
    account = self.broker.get_account()
  File "/Users/spusapati/Personal/Investment_stratergy/investment_strategy/execution/alpaca_client.py", line 162, in get_account
    snap = self._read_account_once()
  File "/Users/spusapati/Personal/Investment_stratergy/investment_strategy/execution/alpaca_client.py", line 199, in _read_account_once
    a = _retry_read(self.trading.get_account, what="get_account")
  File "/Users/spusapati/Personal/Investment_stratergy/investment_strategy/execution/alpaca_client.py", line 117, in _retry_read
    return fn()
  File "/Users/spusapati/Personal/Investment_stratergy/.venv/lib/python3.13/site-packages/alpaca/trading/client.py", line 474, in get_account
    response = self.get("/account")
  File "/Users/spusapati/Personal/Investment_stratergy/.venv/lib/python3.13/site-packages/alpaca/common/rest.py", line 225, in get
    return self._request("GET", path, data, **kwargs)
           ~~~~~~~~~~~~~^^^^^^^^^^^^^^^^^^^^^^^^^^^^^
  File "/Users/spusapati/Personal/Investment_stratergy/.venv/lib/python3.13/site-packages/alpaca/common/rest.py", line 131, in _request
    return self._one_request(method, url, opts, retry)
           ~~~~~~~~~~~~~~~~~^^^^^^^^^^^^^^^^^^^^^^^^^^
  File "/Users/spusapati/Personal/Investment_stratergy/.venv/lib/python3.13/site-packages/alpaca/common/rest.py", line 207, in _one_request
    raise APIError(error, http_error)
alpaca.common.exceptions.APIError: {"message": "service temporary unavailable."}

2026-08-22 07:12:27,079 ERROR orchestrator | Watchdog tick failed; continuing.
Traceback (most recent call last):
  File "/Users/spusapati/Personal/Investment_stratergy/.venv/lib/python3.13/site-packages/alpaca/common/rest.py", line 198, in _one_request
    response.raise_for_status()
    ~~~~~~~~~~~~~~~~~~~~~~~~~^^
  File "/Users/spusapati/Personal/Investment_stratergy/.venv/lib/python3.13/site-packages/requests/models.py", line 1167, in raise_for_status
    raise HTTPError(http_error_msg, response=self)
requests.exceptions.HTTPError: 503 Server Error: Service Temporarily Unavailable for url: https://paper-api.alpaca.markets/v2/account

During handling of the above exception, another exception occurred:

Traceback (most recent call last):
  File "/Users/spusapati/Personal/Investment_stratergy/investment_strategy/orchestrator.py", line 353, in _watchdog_loop
    self.watchdog.check_once()
    ~~~~~~~~~~~~~~~~~~~~~~~~^^
  File "/Users/spusapati/Personal/Investment_stratergy/investment_strategy/monitor/watchdog.py", line 91, in check_once
    account = self.broker.get_account()
  File "/Users/spusapati/Personal/Investment_stratergy/investment_strategy/execution/alpaca_client.py", line 162, in get_account
    snap = self._read_account_once()
  File "/Users/spusapati/Personal/Investment_stratergy/investment_strategy/execution/alpaca_client.py", line 199, in _read_account_once
    a = _retry_read(self.trading.get_account, what="get_account")
  File "/Users/spusapati/Personal/Investment_stratergy/investment_strategy/execution/alpaca_client.py", line 117, in _retry_read
    return fn()
  File "/Users/spusapati/Personal/Investment_stratergy/.venv/lib/python3.13/site-packages/alpaca/trading/client.py", line 474, in get_account
    response = self.get("/account")
  File "/Users/spusapati/Personal/Investment_stratergy/.venv/lib/python3.13/site-packages/alpaca/common/rest.py", line 225, in get
    return self._request("GET", path, data, **kwargs)
           ~~~~~~~~~~~~~^^^^^^^^^^^^^^^^^^^^^^^^^^^^^
  File "/Users/spusapati/Personal/Investment_stratergy/.venv/lib/python3.13/site-packages/alpaca/common/rest.py", line 131, in _request
    return self._one_request(method, url, opts, retry)
           ~~~~~~~~~~~~~~~~~^^^^^^^^^^^^^^^^^^^^^^^^^^
  File "/Users/spusapati/Personal/Investment_stratergy/.venv/lib/python3.13/site-packages/alpaca/common/rest.py", line 207, in _one_request
    raise APIError(error, http_error)
alpaca.common.exceptions.APIError: {"message": "service temporary unavailable."}

2026-08-22 07:12:57,392 ERROR orchestrator | Watchdog tick failed; continuing.
Traceback (most recent call last):
  File "/Users/spusapati/Personal/Investment_stratergy/.venv/lib/python3.13/site-packages/alpaca/common/rest.py", line 198, in _one_request
    response.raise_for_status()
    ~~~~~~~~~~~~~~~~~~~~~~~~~^^
  File "/Users/spusapati/Personal/Investment_stratergy/.venv/lib/python3.13/site-packages/requests/models.py", line 1167, in raise_for_status
    raise HTTPError(http_error_msg, response=self)
requests.exceptions.HTTPError: 503 Server Error: Service Temporarily Unavailable for url: https://paper-api.alpaca.markets/v2/account

During handling of the above exception, another exception occurred:

Traceback (most recent call last):
  File "/Users/spusapati/Personal/Investment_stratergy/investment_strategy/orchestrator.py", line 353, in _watchdog_loop
    self.watchdog.check_once()
    ~~~~~~~~~~~~~~~~~~~~~~~~^^
  File "/Users/spusapati/Personal/Investment_stratergy/investment_strategy/monitor/watchdog.py", line 91, in check_once
    account = self.broker.get_account()
  File "/Users/spusapati/Personal/Investment_stratergy/investment_strategy/execution/alpaca_client.py", line 162, in get_account
    snap = self._read_account_once()
  File "/Users/spusapati/Personal/Investment_stratergy/investment_strategy/execution/alpaca_client.py", line 199, in _read_account_once
    a = _retry_read(self.trading.get_account, what="get_account")
  File "/Users/spusapati/Personal/Investment_stratergy/investment_strategy/execution/alpaca_client.py", line 117, in _retry_read
    return fn()
  File "/Users/spusapati/Personal/Investment_stratergy/.venv/lib/python3.13/site-packages/alpaca/trading/client.py", line 474, in get_account
    response = self.get("/account")
  File "/Users/spusapati/Personal/Investment_stratergy/.venv/lib/python3.13/site-packages/alpaca/common/rest.py", line 225, in get
    return self._request("GET", path, data, **kwargs)
           ~~~~~~~~~~~~~^^^^^^^^^^^^^^^^^^^^^^^^^^^^^
  File "/Users/spusapati/Personal/Investment_stratergy/.venv/lib/python3.13/site-packages/alpaca/common/rest.py", line 131, in _request
    return self._one_request(method, url, opts, retry)
           ~~~~~~~~~~~~~~~~~^^^^^^^^^^^^^^^^^^^^^^^^^^
  File "/Users/spusapati/Personal/Investment_stratergy/.venv/lib/python3.13/site-packages/alpaca/common/rest.py", line 207, in _one_request
    raise APIError(error, http_error)
alpaca.common.exceptions.APIError: {"message": "service temporary unavailable."}

2026-08-22 07:13:27,745 ERROR orchestrator | Watchdog tick failed; continuing.
Traceback (most recent call last):
  File "/Users/spusapati/Personal/Investment_stratergy/.venv/lib/python3.13/site-packages/alpaca/common/rest.py", line 198, in _one_request
    response.raise_for_status()
    ~~~~~~~~~~~~~~~~~~~~~~~~~^^
  File "/Users/spusapati/Personal/Investment_stratergy/.venv/lib/python3.13/site-packages/requests/models.py", line 1167, in raise_for_status
    raise HTTPError(http_error_msg, response=self)
requests.exceptions.HTTPError: 503 Server Error: Service Temporarily Unavailable for url: https://paper-api.alpaca.markets/v2/account

During handling of the above exception, another exception occurred:

Traceback (most recent call last):
  File "/Users/spusapati/Personal/Investment_stratergy/investment_strategy/orchestrator.py", line 353, in _watchdog_loop
    self.watchdog.check_once()
    ~~~~~~~~~~~~~~~~~~~~~~~~^^
  File "/Users/spusapati/Personal/Investment_stratergy/investment_strategy/monitor/watchdog.py", line 91, in check_once
    account = self.broker.get_account()
  File "/Users/spusapati/Personal/Investment_stratergy/investment_strategy/execution/alpaca_client.py", line 162, in get_account
    snap = self._read_account_once()
  File "/Users/spusapati/Personal/Investment_stratergy/investment_strategy/execution/alpaca_client.py", line 199, in _read_account_once
    a = _retry_read(self.trading.get_account, what="get_account")
  File "/Users/spusapati/Personal/Investment_stratergy/investment_strategy/execution/alpaca_client.py", line 117, in _retry_read
    return fn()
  File "/Users/spusapati/Personal/Investment_stratergy/.venv/lib/python3.13/site-packages/alpaca/trading/client.py", line 474, in get_account
    response = self.get("/account")
  File "/Users/spusapati/Personal/Investment_stratergy/.venv/lib/python3.13/site-packages/alpaca/common/rest.py", line 225, in get
    return self._request("GET", path, data, **kwargs)
           ~~~~~~~~~~~~~^^^^^^^^^^^^^^^^^^^^^^^^^^^^^
  File "/Users/spusapati/Personal/Investment_stratergy/.venv/lib/python3.13/site-packages/alpaca/common/rest.py", line 131, in _request
    return self._one_request(method, url, opts, retry)
           ~~~~~~~~~~~~~~~~~^^^^^^^^^^^^^^^^^^^^^^^^^^
  File "/Users/spusapati/Personal/Investment_stratergy/.venv/lib/python3.13/site-packages/alpaca/common/rest.py", line 207, in _one_request
    raise APIError(error, http_error)
alpaca.common.exceptions.APIError: {"message": "service temporary unavailable."}

2026-08-22 07:13:58,027 ERROR orchestrator | Watchdog tick failed; continuing.
Traceback (most recent call last):
  File "/Users/spusapati/Personal/Investment_stratergy/.venv/lib/python3.13/site-packages/alpaca/common/rest.py", line 198, in _one_request
    response.raise_for_status()
    ~~~~~~~~~~~~~~~~~~~~~~~~~^^
  File "/Users/spusapati/Personal/Investment_stratergy/.venv/lib/python3.13/site-packages/requests/models.py", line 1167, in raise_for_status
    raise HTTPError(http_error_msg, response=self)
requests.exceptions.HTTPError: 503 Server Error: Service Temporarily Unavailable for url: https://paper-api.alpaca.markets/v2/account

During handling of the above exception, another exception occurred:

Traceback (most recent call last):
  File "/Users/spusapati/Personal/Investment_stratergy/investment_strategy/orchestrator.py", line 353, in _watchdog_loop
    self.watchdog.check_once()
    ~~~~~~~~~~~~~~~~~~~~~~~~^^
  File "/Users/spusapati/Personal/Investment_stratergy/investment_strategy/monitor/watchdog.py", line 91, in check_once
    account = self.broker.get_account()
  File "/Users/spusapati/Personal/Investment_stratergy/investment_strategy/execution/alpaca_client.py", line 162, in get_account
    snap = self._read_account_once()
  File "/Users/spusapati/Personal/Investment_stratergy/investment_strategy/execution/alpaca_client.py", line 199, in _read_account_once
    a = _retry_read(self.trading.get_account, what="get_account")
  File "/Users/spusapati/Personal/Investment_stratergy/investment_strategy/execution/alpaca_client.py", line 117, in _retry_read
    return fn()
  File "/Users/spusapati/Personal/Investment_stratergy/.venv/lib/python3.13/site-packages/alpaca/trading/client.py", line 474, in get_account
    response = self.get("/account")
  File "/Users/spusapati/Personal/Investment_stratergy/.venv/lib/python3.13/site-packages/alpaca/common/rest.py", line 225, in get
    return self._request("GET", path, data, **kwargs)
           ~~~~~~~~~~~~~^^^^^^^^^^^^^^^^^^^^^^^^^^^^^
  File "/Users/spusapati/Personal/Investment_stratergy/.venv/lib/python3.13/site-packages/alpaca/common/rest.py", line 131, in _request
    return self._one_request(method, url, opts, retry)
           ~~~~~~~~~~~~~~~~~^^^^^^^^^^^^^^^^^^^^^^^^^^
  File "/Users/spusapati/Personal/Investment_stratergy/.venv/lib/python3.13/site-packages/alpaca/common/rest.py", line 207, in _one_request
    raise APIError(error, http_error)
alpaca.common.exceptions.APIError: {"message": "service temporary unavailable."}

2026-08-22 07:14:28,497 ERROR orchestrator | Watchdog tick failed; continuing.
Traceback (most recent call last):
  File "/Users/spusapati/Personal/Investment_stratergy/.venv/lib/python3.13/site-packages/alpaca/common/rest.py", line 198, in _one_request
    response.raise_for_status()
    ~~~~~~~~~~~~~~~~~~~~~~~~~^^
  File "/Users/spusapati/Personal/Investment_stratergy/.venv/lib/python3.13/site-packages/requests/models.py", line 1167, in raise_for_status
    raise HTTPError(http_error_msg, response=self)
requests.exceptions.HTTPError: 503 Server Error: Service Temporarily Unavailable for url: https://paper-api.alpaca.markets/v2/account

During handling of the above exception, another exception occurred:

Traceback (most recent call last):
  File "/Users/spusapati/Personal/Investment_stratergy/investment_strategy/orchestrator.py", line 353, in _watchdog_loop
    self.watchdog.check_once()
    ~~~~~~~~~~~~~~~~~~~~~~~~^^
  File "/Users/spusapati/Personal/Investment_stratergy/investment_strategy/monitor/watchdog.py", line 91, in check_once
    account = self.broker.get_account()
  File "/Users/spusapati/Personal/Investment_stratergy/investment_strategy/execution/alpaca_client.py", line 162, in get_account
    snap = self._read_account_once()
  File "/Users/spusapati/Personal/Investment_stratergy/investment_strategy/execution/alpaca_client.py", line 199, in _read_account_once
    a = _retry_read(self.trading.get_account, what="get_account")
  File "/Users/spusapati/Personal/Investment_stratergy/investment_strategy/execution/alpaca_client.py", line 117, in _retry_read
    return fn()
  File "/Users/spusapati/Personal/Investment_stratergy/.venv/lib/python3.13/site-packages/alpaca/trading/client.py", line 474, in get_account
    response = self.get("/account")
  File "/Users/spusapati/Personal/Investment_stratergy/.venv/lib/python3.13/site-packages/alpaca/common/rest.py", line 225, in get
    return self._request("GET", path, data, **kwargs)
           ~~~~~~~~~~~~~^^^^^^^^^^^^^^^^^^^^^^^^^^^^^
  File "/Users/spusapati/Personal/Investment_stratergy/.venv/lib/python3.13/site-packages/alpaca/common/rest.py", line 131, in _request
    return self._one_request(method, url, opts, retry)
           ~~~~~~~~~~~~~~~~~^^^^^^^^^^^^^^^^^^^^^^^^^^
  File "/Users/spusapati/Personal/Investment_stratergy/.venv/lib/python3.13/site-packages/alpaca/common/rest.py", line 207, in _one_request
    raise APIError(error, http_error)
alpaca.common.exceptions.APIError: {"message": "service temporary unavailable."}

2026-08-22 07:14:58,863 ERROR orchestrator | Watchdog tick failed; continuing.
Traceback (most recent call last):
  File "/Users/spusapati/Personal/Investment_stratergy/.venv/lib/python3.13/site-packages/alpaca/common/rest.py", line 198, in _one_request
    response.raise_for_status()
    ~~~~~~~~~~~~~~~~~~~~~~~~~^^
  File "/Users/spusapati/Personal/Investment_stratergy/.venv/lib/python3.13/site-packages/requests/models.py", line 1167, in raise_for_status
    raise HTTPError(http_error_msg, response=self)
requests.exceptions.HTTPError: 503 Server Error: Service Temporarily Unavailable for url: https://paper-api.alpaca.markets/v2/account

During handling of the above exception, another exception occurred:

Traceback (most recent call last):
  File "/Users/spusapati/Personal/Investment_stratergy/investment_strategy/orchestrator.py", line 353, in _watchdog_loop
    self.watchdog.check_once()
    ~~~~~~~~~~~~~~~~~~~~~~~~^^
  File "/Users/spusapati/Personal/Investment_stratergy/investment_strategy/monitor/watchdog.py", line 91, in check_once
    account = self.broker.get_account()
  File "/Users/spusapati/Personal/Investment_stratergy/investment_strategy/execution/alpaca_client.py", line 162, in get_account
    snap = self._read_account_once()
  File "/Users/spusapati/Personal/Investment_stratergy/investment_strategy/execution/alpaca_client.py", line 199, in _read_account_once
    a = _retry_read(self.trading.get_account, what="get_account")
  File "/Users/spusapati/Personal/Investment_stratergy/investment_strategy/execution/alpaca_client.py", line 117, in _retry_read
    return fn()
  File "/Users/spusapati/Personal/Investment_stratergy/.venv/lib/python3.13/site-packages/alpaca/trading/client.py", line 474, in get_account
    response = self.get("/account")
  File "/Users/spusapati/Personal/Investment_stratergy/.venv/lib/python3.13/site-packages/alpaca/common/rest.py", line 225, in get
    return self._request("GET", path, data, **kwargs)
           ~~~~~~~~~~~~~^^^^^^^^^^^^^^^^^^^^^^^^^^^^^
  File "/Users/spusapati/Personal/Investment_stratergy/.venv/lib/python3.13/site-packages/alpaca/common/rest.py", line 131, in _request
    return self._one_request(method, url, opts, retry)
           ~~~~~~~~~~~~~~~~~^^^^^^^^^^^^^^^^^^^^^^^^^^
  File "/Users/spusapati/Personal/Investment_stratergy/.venv/lib/python3.13/site-packages/alpaca/common/rest.py", line 207, in _one_request
    raise APIError(error, http_error)
alpaca.common.exceptions.APIError: {"message": "service temporary unavailable."}

2026-08-22 08:00:23,457 INFO orchestrator | Market closed; skipping decision cycle.
2026-08-22 08:52:38,145 INFO orchestrator | Market closed; skipping decision cycle.
2026-08-22 09:44:51,865 INFO orchestrator | Market closed; skipping decision cycle.
2026-08-22 10:37:06,153 INFO orchestrator | Market closed; skipping decision cycle.
2026-08-22 11:29:22,439 INFO orchestrator | Market closed; skipping decision cycle.
2026-08-22 12:21:36,202 INFO orchestrator | Market closed; skipping decision cycle.
2026-08-22 13:13:50,333 INFO orchestrator | Market closed; skipping decision cycle.
2026-08-22 14:06:04,110 INFO orchestrator | Market closed; skipping decision cycle.
2026-08-22 14:58:18,241 INFO orchestrator | Market closed; skipping decision cycle.
2026-08-22 15:50:32,272 INFO orchestrator | Market closed; skipping decision cycle.
2026-08-22 16:42:46,355 INFO orchestrator | Market closed; skipping decision cycle.
2026-08-22 17:35:01,019 INFO orchestrator | Market closed; skipping decision cycle.
2026-08-22 18:27:14,757 INFO orchestrator | Market closed; skipping decision cycle.
2026-08-22 19:19:28,640 INFO orchestrator | Market closed; skipping decision cycle.
2026-08-22 20:11:42,452 INFO orchestrator | Market closed; skipping decision cycle.
2026-08-22 21:03:56,318 INFO orchestrator | Market closed; skipping decision cycle.
2026-08-22 21:56:11,640 INFO orchestrator | Market closed; skipping decision cycle.
2026-08-22 22:48:26,135 INFO orchestrator | Market closed; skipping decision cycle.
2026-08-22 23:40:39,804 INFO orchestrator | Market closed; skipping decision cycle.
