2026-09-07 00:02:31,073 INFO orchestrator | Market closed; skipping decision cycle.
2026-09-07 00:54:44,288 INFO orchestrator | Market closed; skipping decision cycle.
2026-09-07 01:46:57,370 INFO orchestrator | Market closed; skipping decision cycle.
2026-09-07 02:10:18,676 WARNING alpaca | get_account: transient network error (ReadTimeout); retry 1/2.
2026-09-07 02:10:24,327 WARNING alpaca | get_account: transient network error (ConnectTimeout); retry 2/2.
2026-09-07 02:10:30,493 WARNING orchestrator | Watchdog tick skipped on a transient network error (ConnectTimeout); retrying next tick (1 in a row).
2026-09-07 02:11:05,678 WARNING alpaca | get_account: transient network error (ConnectTimeout); retry 1/2.
2026-09-07 02:11:11,339 WARNING alpaca | get_account: transient network error (ConnectTimeout); retry 2/2.
2026-09-07 02:11:17,463 WARNING orchestrator | Watchdog tick skipped on a transient network error (ConnectTimeout); retrying next tick (2 in a row).
2026-09-07 02:11:52,646 WARNING alpaca | get_account: transient network error (ConnectTimeout); retry 1/2.
2026-09-07 02:11:58,227 WARNING alpaca | get_account: transient network error (ConnectTimeout); retry 2/2.
2026-09-07 02:12:04,388 WARNING orchestrator | Watchdog tick skipped on a transient network error (ConnectTimeout); retrying next tick (3 in a row).
2026-09-07 02:12:39,571 WARNING alpaca | get_account: transient network error (ConnectTimeout); retry 1/2.
2026-09-07 02:12:45,215 WARNING alpaca | get_account: transient network error (ConnectTimeout); retry 2/2.
2026-09-07 02:12:51,375 WARNING orchestrator | Watchdog tick skipped on a transient network error (ConnectTimeout); retrying next tick (4 in a row).
2026-09-07 02:13:26,453 WARNING alpaca | get_account: transient network error (ConnectTimeout); retry 1/2.
2026-09-07 02:13:32,042 WARNING alpaca | get_account: transient network error (ConnectTimeout); retry 2/2.
2026-09-07 02:13:38,188 WARNING orchestrator | Watchdog tick skipped on a transient network error (ConnectTimeout); retrying next tick (5 in a row).
2026-09-07 02:14:13,352 WARNING alpaca | get_account: transient network error (ConnectTimeout); retry 1/2.
2026-09-07 02:14:19,019 WARNING alpaca | get_account: transient network error (ConnectTimeout); retry 2/2.
2026-09-07 02:14:25,182 WARNING orchestrator | Watchdog tick skipped on a transient network error (ConnectTimeout); retrying next tick (6 in a row).
2026-09-07 02:15:00,331 WARNING alpaca | get_account: transient network error (ConnectTimeout); retry 1/2.
2026-09-07 02:15:05,956 WARNING alpaca | get_account: transient network error (ConnectTimeout); retry 2/2.
2026-09-07 02:15:12,133 WARNING orchestrator | Watchdog tick skipped on a transient network error (ConnectTimeout); retrying next tick (7 in a row).
2026-09-07 02:15:47,226 WARNING alpaca | get_account: transient network error (ConnectTimeout); retry 1/2.
2026-09-07 02:15:52,904 WARNING alpaca | get_account: transient network error (ConnectTimeout); retry 2/2.
2026-09-07 02:15:59,052 WARNING orchestrator | Watchdog tick skipped on a transient network error (ConnectTimeout); retrying next tick (8 in a row).
2026-09-07 02:16:34,218 WARNING alpaca | get_account: transient network error (ConnectTimeout); retry 1/2.
2026-09-07 02:16:39,910 WARNING alpaca | get_account: transient network error (ConnectTimeout); retry 2/2.
2026-09-07 02:16:46,067 WARNING orchestrator | Watchdog tick skipped on a transient network error (ConnectTimeout); retrying next tick (9 in a row).
2026-09-07 02:17:21,230 WARNING alpaca | get_account: transient network error (ConnectTimeout); retry 1/2.
2026-09-07 02:17:26,876 WARNING alpaca | get_account: transient network error (ConnectTimeout); retry 2/2.
2026-09-07 02:17:33,006 WARNING orchestrator | Watchdog tick skipped on a transient network error (ConnectTimeout); retrying next tick (10 in a row).
2026-09-07 02:18:08,191 WARNING alpaca | get_account: transient network error (ConnectTimeout); retry 1/2.
2026-09-07 02:18:13,778 WARNING alpaca | get_account: transient network error (ConnectTimeout); retry 2/2.
2026-09-07 02:18:19,939 WARNING orchestrator | Watchdog tick skipped on a transient network error (ConnectTimeout); retrying next tick (11 in a row).
2026-09-07 02:18:55,064 WARNING alpaca | get_account: transient network error (ConnectTimeout); retry 1/2.
2026-09-07 02:19:00,730 WARNING alpaca | get_account: transient network error (ConnectTimeout); retry 2/2.
2026-09-07 02:19:06,843 WARNING orchestrator | Watchdog tick skipped on a transient network error (ConnectTimeout); retrying next tick (12 in a row).
2026-09-07 02:19:42,007 WARNING alpaca | get_account: transient network error (ConnectTimeout); retry 1/2.
2026-09-07 02:19:47,674 WARNING alpaca | get_account: transient network error (ConnectTimeout); retry 2/2.
2026-09-07 02:19:53,796 WARNING orchestrator | Watchdog tick skipped on a transient network error (ConnectTimeout); retrying next tick (13 in a row).
2026-09-07 02:20:29,019 WARNING alpaca | get_account: transient network error (ConnectTimeout); retry 1/2.
2026-09-07 02:20:34,688 WARNING alpaca | get_account: transient network error (ConnectTimeout); retry 2/2.
2026-09-07 02:20:40,843 WARNING orchestrator | Watchdog tick skipped on a transient network error (ConnectTimeout); retrying next tick (14 in a row).
2026-09-07 02:21:15,943 WARNING alpaca | get_account: transient network error (ConnectTimeout); retry 1/2.
2026-09-07 02:21:21,615 WARNING alpaca | get_account: transient network error (ConnectTimeout); retry 2/2.
2026-09-07 02:21:27,776 WARNING orchestrator | Watchdog tick skipped on a transient network error (ConnectTimeout); retrying next tick (15 in a row).
2026-09-07 02:22:02,936 WARNING alpaca | get_account: transient network error (ConnectTimeout); retry 1/2.
2026-09-07 02:22:08,635 WARNING alpaca | get_account: transient network error (ConnectTimeout); retry 2/2.
2026-09-07 02:22:14,735 WARNING orchestrator | Watchdog tick skipped on a transient network error (ConnectTimeout); retrying next tick (16 in a row).
2026-09-07 02:22:49,914 WARNING alpaca | get_account: transient network error (ConnectTimeout); retry 1/2.
2026-09-07 02:22:55,554 WARNING alpaca | get_account: transient network error (ConnectTimeout); retry 2/2.
2026-09-07 02:23:01,718 WARNING orchestrator | Watchdog tick skipped on a transient network error (ConnectTimeout); retrying next tick (17 in a row).
2026-09-07 02:23:36,894 WARNING alpaca | get_account: transient network error (ConnectTimeout); retry 1/2.
2026-09-07 02:23:42,528 WARNING alpaca | get_account: transient network error (ConnectTimeout); retry 2/2.
2026-09-07 02:23:48,694 WARNING orchestrator | Watchdog tick skipped on a transient network error (ConnectTimeout); retrying next tick (18 in a row).
2026-09-07 02:24:23,900 WARNING alpaca | get_account: transient network error (ConnectTimeout); retry 1/2.
2026-09-07 02:24:29,535 WARNING alpaca | get_account: transient network error (ConnectTimeout); retry 2/2.
2026-09-07 02:24:35,559 WARNING orchestrator | Watchdog tick skipped on a transient network error (ConnectTimeout); retrying next tick (19 in a row).
2026-09-07 02:25:10,732 WARNING alpaca | get_account: transient network error (ConnectTimeout); retry 1/2.
2026-09-07 02:25:16,402 WARNING alpaca | get_account: transient network error (ConnectTimeout); retry 2/2.
2026-09-07 02:25:22,547 WARNING orchestrator | Watchdog tick skipped on a transient network error (ConnectTimeout); retrying next tick (20 in a row).
2026-09-07 02:25:57,746 WARNING alpaca | get_account: transient network error (ConnectTimeout); retry 1/2.
2026-09-07 02:26:03,417 WARNING alpaca | get_account: transient network error (ConnectTimeout); retry 2/2.
2026-09-07 02:26:09,574 WARNING orchestrator | Watchdog tick skipped on a transient network error (ConnectTimeout); retrying next tick (21 in a row).
2026-09-07 02:26:44,743 WARNING alpaca | get_account: transient network error (ConnectTimeout); retry 1/2.
2026-09-07 02:26:50,410 WARNING alpaca | get_account: transient network error (ConnectTimeout); retry 2/2.
2026-09-07 02:26:56,565 WARNING orchestrator | Watchdog tick skipped on a transient network error (ConnectTimeout); retrying next tick (22 in a row).
2026-09-07 02:27:31,734 WARNING alpaca | get_account: transient network error (ConnectTimeout); retry 1/2.
2026-09-07 02:27:37,358 WARNING alpaca | get_account: transient network error (ConnectTimeout); retry 2/2.
2026-09-07 02:27:43,522 WARNING orchestrator | Watchdog tick skipped on a transient network error (ConnectTimeout); retrying next tick (23 in a row).
2026-09-07 02:28:18,612 WARNING alpaca | get_account: transient network error (ConnectTimeout); retry 1/2.
2026-09-07 02:28:24,227 WARNING alpaca | get_account: transient network error (ConnectTimeout); retry 2/2.
2026-09-07 02:28:30,361 WARNING orchestrator | Watchdog tick skipped on a transient network error (ConnectTimeout); retrying next tick (24 in a row).
2026-09-07 02:29:05,480 WARNING alpaca | get_account: transient network error (ConnectTimeout); retry 1/2.
2026-09-07 02:29:11,205 WARNING alpaca | get_account: transient network error (ConnectTimeout); retry 2/2.
2026-09-07 02:29:17,355 WARNING orchestrator | Watchdog tick skipped on a transient network error (ConnectTimeout); retrying next tick (25 in a row).
2026-09-07 02:29:52,511 WARNING alpaca | get_account: transient network error (ConnectTimeout); retry 1/2.
2026-09-07 02:29:58,174 WARNING alpaca | get_account: transient network error (ConnectTimeout); retry 2/2.
2026-09-07 02:30:04,223 WARNING orchestrator | Watchdog tick skipped on a transient network error (ConnectTimeout); retrying next tick (26 in a row).
2026-09-07 02:30:39,444 WARNING alpaca | get_account: transient network error (ConnectTimeout); retry 1/2.
2026-09-07 02:30:45,075 WARNING alpaca | get_account: transient network error (ConnectTimeout); retry 2/2.
2026-09-07 02:30:51,239 WARNING orchestrator | Watchdog tick skipped on a transient network error (ConnectTimeout); retrying next tick (27 in a row).
2026-09-07 02:31:26,350 WARNING alpaca | get_account: transient network error (ConnectTimeout); retry 1/2.
2026-09-07 02:31:32,026 WARNING alpaca | get_account: transient network error (ConnectTimeout); retry 2/2.
2026-09-07 02:31:38,071 WARNING orchestrator | Watchdog tick skipped on a transient network error (ConnectTimeout); retrying next tick (28 in a row).
2026-09-07 02:32:13,243 WARNING alpaca | get_account: transient network error (ConnectTimeout); retry 1/2.
2026-09-07 02:32:18,893 WARNING alpaca | get_account: transient network error (ConnectTimeout); retry 2/2.
2026-09-07 02:32:25,048 WARNING orchestrator | Watchdog tick skipped on a transient network error (ConnectTimeout); retrying next tick (29 in a row).
2026-09-07 02:33:00,313 WARNING alpaca | get_account: transient network error (ConnectTimeout); retry 1/2.
2026-09-07 02:33:05,876 WARNING alpaca | get_account: transient network error (ConnectTimeout); retry 2/2.
2026-09-07 02:33:11,982 WARNING orchestrator | Watchdog tick skipped on a transient network error (ConnectTimeout); retrying next tick (30 in a row).
2026-09-07 02:33:47,151 WARNING alpaca | get_account: transient network error (ConnectTimeout); retry 1/2.
2026-09-07 02:33:52,773 WARNING alpaca | get_account: transient network error (ConnectTimeout); retry 2/2.
2026-09-07 02:33:58,933 WARNING orchestrator | Watchdog tick skipped on a transient network error (ConnectTimeout); retrying next tick (31 in a row).
2026-09-07 02:34:34,162 WARNING alpaca | get_account: transient network error (ConnectTimeout); retry 1/2.
2026-09-07 02:34:39,927 WARNING alpaca | get_account: transient network error (ConnectTimeout); retry 2/2.
2026-09-07 02:34:46,051 WARNING orchestrator | Watchdog tick skipped on a transient network error (ConnectTimeout); retrying next tick (32 in a row).
2026-09-07 02:35:21,223 WARNING alpaca | get_account: transient network error (ConnectTimeout); retry 1/2.
2026-09-07 02:35:26,886 WARNING alpaca | get_account: transient network error (ConnectTimeout); retry 2/2.
2026-09-07 02:35:33,046 WARNING orchestrator | Watchdog tick skipped on a transient network error (ConnectTimeout); retrying next tick (33 in a row).
2026-09-07 02:36:08,212 WARNING alpaca | get_account: transient network error (ConnectTimeout); retry 1/2.
2026-09-07 02:36:13,871 WARNING alpaca | get_account: transient network error (ConnectTimeout); retry 2/2.
2026-09-07 02:36:20,016 WARNING orchestrator | Watchdog tick skipped on a transient network error (ConnectTimeout); retrying next tick (34 in a row).
2026-09-07 02:36:55,194 WARNING alpaca | get_account: transient network error (ConnectTimeout); retry 1/2.
2026-09-07 02:37:00,842 WARNING alpaca | get_account: transient network error (ConnectTimeout); retry 2/2.
2026-09-07 02:37:07,007 WARNING orchestrator | Watchdog tick skipped on a transient network error (ConnectTimeout); retrying next tick (35 in a row).
2026-09-07 02:37:42,180 WARNING alpaca | get_account: transient network error (ConnectTimeout); retry 1/2.
2026-09-07 02:37:47,856 WARNING alpaca | get_account: transient network error (ConnectTimeout); retry 2/2.
2026-09-07 02:37:54,017 WARNING orchestrator | Watchdog tick skipped on a transient network error (ConnectTimeout); retrying next tick (36 in a row).
2026-09-07 02:38:29,158 WARNING alpaca | get_account: transient network error (ConnectTimeout); retry 1/2.
2026-09-07 02:38:34,829 WARNING alpaca | get_account: transient network error (ConnectTimeout); retry 2/2.
2026-09-07 02:38:40,982 WARNING orchestrator | Watchdog tick skipped on a transient network error (ConnectTimeout); retrying next tick (37 in a row).
2026-09-07 02:39:15,070 WARNING alpaca | get_clock: transient network error (ConnectTimeout); retry 1/2.
2026-09-07 02:39:16,220 WARNING alpaca | get_account: transient network error (ConnectTimeout); retry 1/2.
2026-09-07 02:39:20,734 WARNING alpaca | get_clock: transient network error (ConnectTimeout); retry 2/2.
2026-09-07 02:39:21,864 WARNING alpaca | get_account: transient network error (ConnectTimeout); retry 2/2.
2026-09-07 02:39:26,861 WARNING orchestrator | Decision tick skipped on a transient network error (ConnectTimeout); retrying next tick.
2026-09-07 02:39:28,015 WARNING orchestrator | Watchdog tick skipped on a transient network error (ConnectTimeout); retrying next tick (38 in a row).
2026-09-07 02:40:01,995 WARNING alpaca | get_clock: transient network error (ConnectTimeout); retry 1/2.
2026-09-07 02:40:03,183 WARNING alpaca | get_account: transient network error (ConnectTimeout); retry 1/2.
2026-09-07 02:40:07,659 WARNING alpaca | get_clock: transient network error (ConnectTimeout); retry 2/2.
2026-09-07 02:40:08,841 WARNING alpaca | get_account: transient network error (ConnectTimeout); retry 2/2.
2026-09-07 02:40:13,780 WARNING orchestrator | Decision tick skipped on a transient network error (ConnectTimeout); retrying next tick.
2026-09-07 02:40:14,978 WARNING orchestrator | Watchdog tick skipped on a transient network error (ConnectTimeout); retrying next tick (39 in a row).
2026-09-07 02:40:48,840 WARNING alpaca | get_clock: transient network error (ConnectTimeout); retry 1/2.
2026-09-07 02:40:50,146 WARNING alpaca | get_account: transient network error (ConnectTimeout); retry 1/2.
2026-09-07 02:40:54,494 WARNING alpaca | get_clock: transient network error (ConnectTimeout); retry 2/2.
2026-09-07 02:40:55,801 WARNING alpaca | get_account: transient network error (ConnectTimeout); retry 2/2.
2026-09-07 02:41:00,644 WARNING orchestrator | Decision tick skipped on a transient network error (ConnectTimeout); retrying next tick.
2026-09-07 02:41:01,893 WARNING orchestrator | Watchdog tick skipped on a transient network error (ConnectTimeout); retrying next tick (40 in a row).
2026-09-07 02:41:35,762 WARNING alpaca | get_clock: transient network error (ConnectTimeout); retry 1/2.
2026-09-07 02:41:37,053 WARNING alpaca | get_account: transient network error (ConnectTimeout); retry 1/2.
2026-09-07 02:41:41,277 WARNING alpaca | get_clock: transient network error (ConnectTimeout); retry 2/2.
2026-09-07 02:41:42,719 WARNING alpaca | get_account: transient network error (ConnectTimeout); retry 2/2.
2026-09-07 02:41:47,427 WARNING orchestrator | Decision tick skipped on a transient network error (ConnectTimeout); retrying next tick.
2026-09-07 02:41:48,861 WARNING orchestrator | Watchdog tick skipped on a transient network error (ConnectTimeout); retrying next tick (41 in a row).
2026-09-07 02:42:22,549 WARNING alpaca | get_clock: transient network error (ConnectTimeout); retry 1/2.
2026-09-07 02:42:24,030 WARNING alpaca | get_account: transient network error (ConnectTimeout); retry 1/2.
2026-09-07 02:42:28,156 WARNING alpaca | get_clock: transient network error (ConnectTimeout); retry 2/2.
2026-09-07 02:42:29,644 WARNING alpaca | get_account: transient network error (ConnectTimeout); retry 2/2.
2026-09-07 02:42:34,307 WARNING orchestrator | Decision tick skipped on a transient network error (ConnectTimeout); retrying next tick.
2026-09-07 02:42:35,731 WARNING orchestrator | Watchdog tick skipped on a transient network error (ConnectTimeout); retrying next tick (42 in a row).
2026-09-07 02:43:09,521 WARNING alpaca | get_clock: transient network error (ConnectTimeout); retry 1/2.
2026-09-07 02:43:10,893 WARNING alpaca | get_account: transient network error (ConnectTimeout); retry 1/2.
2026-09-07 02:43:15,141 WARNING alpaca | get_clock: transient network error (ConnectTimeout); retry 2/2.
2026-09-07 02:43:16,549 WARNING alpaca | get_account: transient network error (ConnectTimeout); retry 2/2.
2026-09-07 02:43:21,272 WARNING orchestrator | Decision tick skipped on a transient network error (ConnectTimeout); retrying next tick.
2026-09-07 02:43:22,705 WARNING orchestrator | Watchdog tick skipped on a transient network error (ConnectTimeout); retrying next tick (43 in a row).
2026-09-07 02:43:56,455 WARNING alpaca | get_clock: transient network error (ConnectTimeout); retry 1/2.
2026-09-07 02:43:57,846 WARNING alpaca | get_account: transient network error (ConnectTimeout); retry 1/2.
2026-09-07 02:44:02,033 WARNING alpaca | get_clock: transient network error (ConnectTimeout); retry 2/2.
2026-09-07 02:44:03,474 WARNING alpaca | get_account: transient network error (ConnectTimeout); retry 2/2.
2026-09-07 02:44:08,158 WARNING orchestrator | Decision tick skipped on a transient network error (ConnectTimeout); retrying next tick.
2026-09-07 02:44:09,637 WARNING orchestrator | Watchdog tick skipped on a transient network error (ConnectTimeout); retrying next tick (44 in a row).
2026-09-07 02:44:43,372 WARNING alpaca | get_clock: transient network error (ConnectTimeout); retry 1/2.
2026-09-07 02:44:44,809 WARNING alpaca | get_account: transient network error (ConnectTimeout); retry 1/2.
2026-09-07 02:44:49,030 WARNING alpaca | get_clock: transient network error (ConnectTimeout); retry 2/2.
2026-09-07 02:44:50,426 WARNING alpaca | get_account: transient network error (ConnectTimeout); retry 2/2.
2026-09-07 02:44:55,106 WARNING orchestrator | Decision tick skipped on a transient network error (ConnectTimeout); retrying next tick.
2026-09-07 02:44:56,588 WARNING orchestrator | Watchdog tick skipped on a transient network error (ConnectTimeout); retrying next tick (45 in a row).
2026-09-07 02:45:30,170 WARNING alpaca | get_clock: transient network error (ConnectTimeout); retry 1/2.
2026-09-07 02:45:31,741 WARNING alpaca | get_account: transient network error (ConnectTimeout); retry 1/2.
2026-09-07 02:45:35,831 WARNING alpaca | get_clock: transient network error (ConnectTimeout); retry 2/2.
2026-09-07 02:45:37,355 WARNING alpaca | get_account: transient network error (ConnectTimeout); retry 2/2.
2026-09-07 02:45:41,971 WARNING orchestrator | Decision tick skipped on a transient network error (ConnectTimeout); retrying next tick.
2026-09-07 02:45:43,507 WARNING orchestrator | Watchdog tick skipped on a transient network error (ConnectTimeout); retrying next tick (46 in a row).
2026-09-07 02:46:17,215 WARNING alpaca | get_clock: transient network error (ConnectTimeout); retry 1/2.
2026-09-07 02:46:18,633 WARNING alpaca | get_account: transient network error (ConnectTimeout); retry 1/2.
2026-09-07 02:46:22,881 WARNING alpaca | get_clock: transient network error (ConnectTimeout); retry 2/2.
2026-09-07 02:46:24,246 WARNING alpaca | get_account: transient network error (ConnectTimeout); retry 2/2.
2026-09-07 02:46:29,046 WARNING orchestrator | Decision tick skipped on a transient network error (ConnectTimeout); retrying next tick.
2026-09-07 02:46:30,414 WARNING orchestrator | Watchdog tick skipped on a transient network error (ConnectTimeout); retrying next tick (47 in a row).
2026-09-07 02:47:05,222 WARNING alpaca | get_clock: transient network error (ConnectTimeout); retry 1/2.
2026-09-07 02:47:05,579 WARNING alpaca | get_account: transient network error (ConnectTimeout); retry 1/2.
2026-09-07 02:47:10,887 WARNING alpaca | get_clock: transient network error (ConnectTimeout); retry 2/2.
2026-09-07 02:47:11,228 WARNING alpaca | get_account: transient network error (ConnectTimeout); retry 2/2.
2026-09-07 02:47:17,049 WARNING orchestrator | Decision tick skipped on a transient network error (ConnectTimeout); retrying next tick.
2026-09-07 02:47:17,315 WARNING orchestrator | Watchdog tick skipped on a transient network error (ConnectTimeout); retrying next tick (48 in a row).
2026-09-07 02:47:53,223 WARNING alpaca | get_clock: transient network error (ConnectTimeout); retry 1/2.
2026-09-07 02:47:53,227 WARNING alpaca | get_account: transient network error (ConnectTimeout); retry 1/2.
2026-09-07 02:47:58,820 WARNING alpaca | get_clock: transient network error (ConnectTimeout); retry 2/2.
2026-09-07 02:47:58,858 WARNING alpaca | get_account: transient network error (ConnectTimeout); retry 2/2.
2026-09-07 02:48:04,943 WARNING orchestrator | Decision tick skipped on a transient network error (ConnectTimeout); retrying next tick.
2026-09-07 02:48:05,010 WARNING orchestrator | Watchdog tick skipped on a transient network error (ConnectTimeout); retrying next tick (49 in a row).
2026-09-07 02:48:41,394 WARNING alpaca | get_account: transient network error (ConnectTimeout); retry 1/2.
2026-09-07 02:48:41,397 WARNING alpaca | get_clock: transient network error (ConnectTimeout); retry 1/2.
2026-09-07 02:48:46,988 WARNING alpaca | get_clock: transient network error (ConnectTimeout); retry 2/2.
2026-09-07 02:48:47,045 WARNING alpaca | get_account: transient network error (ConnectTimeout); retry 2/2.
2026-09-07 02:48:53,154 WARNING orchestrator | Decision tick skipped on a transient network error (ConnectTimeout); retrying next tick.
2026-09-07 02:48:53,180 WARNING orchestrator | Watchdog tick skipped on a transient network error (ConnectTimeout); retrying next tick (50 in a row).
2026-09-07 02:49:28,334 WARNING alpaca | get_clock: transient network error (ConnectTimeout); retry 1/2.
2026-09-07 02:49:28,343 WARNING alpaca | get_account: transient network error (ConnectTimeout); retry 1/2.
2026-09-07 02:49:33,990 WARNING alpaca | get_account: transient network error (ConnectTimeout); retry 2/2.
2026-09-07 02:49:33,993 WARNING alpaca | get_clock: transient network error (ConnectTimeout); retry 2/2.
2026-09-07 02:49:40,146 WARNING orchestrator | Decision tick skipped on a transient network error (ConnectTimeout); retrying next tick.
2026-09-07 02:49:40,152 WARNING orchestrator | Watchdog tick skipped on a transient network error (ConnectTimeout); retrying next tick (51 in a row).
2026-09-07 02:50:15,315 WARNING alpaca | get_account: transient network error (ConnectTimeout); retry 1/2.
2026-09-07 02:50:15,320 WARNING alpaca | get_clock: transient network error (ConnectTimeout); retry 1/2.
2026-09-07 02:50:20,868 WARNING alpaca | get_clock: transient network error (ConnectTimeout); retry 2/2.
2026-09-07 02:50:20,934 WARNING alpaca | get_account: transient network error (ConnectTimeout); retry 2/2.
2026-09-07 02:50:26,990 WARNING orchestrator | Decision tick skipped on a transient network error (ConnectTimeout); retrying next tick.
2026-09-07 02:50:27,090 WARNING orchestrator | Watchdog tick skipped on a transient network error (ConnectTimeout); retrying next tick (52 in a row).
2026-09-07 02:51:02,167 WARNING alpaca | get_clock: transient network error (ConnectTimeout); retry 1/2.
2026-09-07 02:51:02,211 WARNING alpaca | get_account: transient network error (ConnectTimeout); retry 1/2.
2026-09-07 02:51:07,824 WARNING alpaca | get_clock: transient network error (ConnectTimeout); retry 2/2.
2026-09-07 02:51:07,864 WARNING alpaca | get_account: transient network error (ConnectTimeout); retry 2/2.
2026-09-07 02:51:13,978 WARNING orchestrator | Decision tick skipped on a transient network error (ConnectTimeout); retrying next tick.
2026-09-07 02:51:13,980 WARNING orchestrator | Watchdog tick skipped on a transient network error (ConnectTimeout); retrying next tick (53 in a row).
2026-09-07 02:51:49,130 WARNING alpaca | get_clock: transient network error (ConnectTimeout); retry 1/2.
2026-09-07 02:51:49,135 WARNING alpaca | get_account: transient network error (ConnectTimeout); retry 1/2.
2026-09-07 02:51:54,723 WARNING alpaca | get_clock: transient network error (ConnectTimeout); retry 2/2.
2026-09-07 02:51:54,797 WARNING alpaca | get_account: transient network error (ConnectTimeout); retry 2/2.
2026-09-07 02:52:00,860 WARNING orchestrator | Decision tick skipped on a transient network error (ConnectTimeout); retrying next tick.
2026-09-07 02:52:00,965 WARNING orchestrator | Watchdog tick skipped on a transient network error (ConnectTimeout); retrying next tick (54 in a row).
2026-09-07 02:52:35,999 WARNING alpaca | get_clock: transient network error (ConnectTimeout); retry 1/2.
2026-09-07 02:52:36,115 WARNING alpaca | get_account: transient network error (ConnectTimeout); retry 1/2.
2026-09-07 02:52:41,654 WARNING alpaca | get_clock: transient network error (ConnectTimeout); retry 2/2.
2026-09-07 02:52:41,764 WARNING alpaca | get_account: transient network error (ConnectTimeout); retry 2/2.
2026-09-07 02:52:47,814 WARNING orchestrator | Decision tick skipped on a transient network error (ConnectTimeout); retrying next tick.
2026-09-07 02:52:47,919 WARNING orchestrator | Watchdog tick skipped on a transient network error (ConnectTimeout); retrying next tick (55 in a row).
2026-09-07 02:53:22,982 WARNING alpaca | get_clock: transient network error (ConnectTimeout); retry 1/2.
2026-09-07 02:53:23,074 WARNING alpaca | get_account: transient network error (ConnectTimeout); retry 1/2.
2026-09-07 02:53:28,502 WARNING alpaca | get_clock: transient network error (ConnectTimeout); retry 2/2.
2026-09-07 02:53:28,734 WARNING alpaca | get_account: transient network error (ConnectTimeout); retry 2/2.
2026-09-07 02:53:34,647 WARNING orchestrator | Decision tick skipped on a transient network error (ConnectTimeout); retrying next tick.
2026-09-07 02:53:34,894 WARNING orchestrator | Watchdog tick skipped on a transient network error (ConnectTimeout); retrying next tick (56 in a row).
2026-09-07 02:54:09,825 WARNING alpaca | get_clock: transient network error (ConnectTimeout); retry 1/2.
2026-09-07 02:54:10,109 WARNING alpaca | get_account: transient network error (ConnectTimeout); retry 1/2.
2026-09-07 02:54:15,476 WARNING alpaca | get_clock: transient network error (ConnectTimeout); retry 2/2.
2026-09-07 02:54:15,768 WARNING alpaca | get_account: transient network error (ConnectTimeout); retry 2/2.
2026-09-07 02:54:21,566 WARNING orchestrator | Decision tick skipped on a transient network error (ConnectTimeout); retrying next tick.
2026-09-07 02:54:21,831 WARNING orchestrator | Watchdog tick skipped on a transient network error (ConnectTimeout); retrying next tick (57 in a row).
2026-09-07 02:54:51,897 INFO orchestrator | Market closed; skipping decision cycle.
2026-09-07 03:47:04,751 INFO orchestrator | Market closed; skipping decision cycle.
2026-09-07 04:39:17,119 INFO orchestrator | Market closed; skipping decision cycle.
2026-09-07 05:31:29,743 INFO orchestrator | Market closed; skipping decision cycle.
2026-09-07 06:23:42,537 INFO orchestrator | Market closed; skipping decision cycle.
2026-09-07 07:15:55,273 INFO orchestrator | Market closed; skipping decision cycle.
2026-09-07 08:08:08,740 INFO orchestrator | Market closed; skipping decision cycle.
2026-09-07 09:00:21,503 INFO orchestrator | Market closed; skipping decision cycle.
2026-09-07 09:52:34,556 INFO orchestrator | Market closed; skipping decision cycle.
2026-09-07 10:44:47,313 INFO orchestrator | Market closed; skipping decision cycle.
2026-09-07 11:37:00,629 INFO orchestrator | Market closed; skipping decision cycle.
2026-09-07 12:29:13,986 INFO orchestrator | Market closed; skipping decision cycle.
2026-09-07 13:21:26,548 INFO orchestrator | Market closed; skipping decision cycle.
2026-09-07 14:06:26,626 WARNING alpaca | get_account: transient network error (ReadTimeout); retry 1/2.
2026-09-07 14:06:34,301 WARNING alpaca | get_account: transient network error (ConnectTimeout); retry 2/2.
2026-09-07 14:06:41,460 WARNING orchestrator | Watchdog tick skipped on a transient network error (ConnectTimeout); retrying next tick (1 in a row).
2026-09-07 14:07:16,688 WARNING alpaca | get_account: transient network error (ConnectTimeout); retry 1/2.
2026-09-07 14:07:22,289 WARNING alpaca | get_account: transient network error (ConnectTimeout); retry 2/2.
2026-09-07 14:07:28,401 WARNING orchestrator | Watchdog tick skipped on a transient network error (ConnectTimeout); retrying next tick (2 in a row).
2026-09-07 14:08:03,473 WARNING alpaca | get_account: transient network error (ConnectTimeout); retry 1/2.
2026-09-07 14:08:09,135 WARNING alpaca | get_account: transient network error (ConnectTimeout); retry 2/2.
2026-09-07 14:08:15,258 WARNING orchestrator | Watchdog tick skipped on a transient network error (ConnectTimeout); retrying next tick (3 in a row).
2026-09-07 14:08:50,467 WARNING alpaca | get_account: transient network error (ConnectTimeout); retry 1/2.
2026-09-07 14:08:56,090 WARNING alpaca | get_account: transient network error (ConnectTimeout); retry 2/2.
2026-09-07 14:09:02,255 WARNING orchestrator | Watchdog tick skipped on a transient network error (ConnectTimeout); retrying next tick (4 in a row).
2026-09-07 14:09:37,510 WARNING alpaca | get_account: transient network error (ConnectTimeout); retry 1/2.
2026-09-07 14:09:43,274 WARNING alpaca | get_account: transient network error (ConnectTimeout); retry 2/2.
2026-09-07 14:09:49,428 WARNING orchestrator | Watchdog tick skipped on a transient network error (ConnectTimeout); retrying next tick (5 in a row).
2026-09-07 14:09:49,434 CRITICAL orchestrator | Watchdog BLIND: 5 consecutive ticks failed (~150s) — positions unwatched during market hours.
2026-09-07 14:09:49,550 WARNING notify | Alert email send failed (attempt 1/2): [Errno 8] nodename nor servname provided, or not known
2026-09-07 14:09:54,710 WARNING notify | Alert email send failed (attempt 2/2): [Errno 8] nodename nor servname provided, or not known
2026-09-07 14:09:54,714 ERROR notify | ALERT not delivered (no working sink): Watchdog blind for 5 ticks (~150s)
2026-09-07 14:10:24,550 WARNING alpaca | get_account: transient network error (ConnectTimeout); retry 1/2.
2026-09-07 14:10:30,222 WARNING alpaca | get_account: transient network error (ConnectTimeout); retry 2/2.
2026-09-07 14:10:36,379 WARNING orchestrator | Watchdog tick skipped on a transient network error (ConnectTimeout); retrying next tick (6 in a row).
2026-09-07 14:10:36,383 CRITICAL orchestrator | Watchdog BLIND: 6 consecutive ticks failed (~180s) — positions unwatched during market hours.
2026-09-07 14:10:36,395 WARNING notify | Alert email send failed (attempt 1/2): [Errno 8] nodename nor servname provided, or not known
2026-09-07 14:10:41,540 WARNING notify | Alert email send failed (attempt 2/2): [Errno 8] nodename nor servname provided, or not known
2026-09-07 14:10:41,545 ERROR notify | ALERT not delivered (no working sink): Watchdog blind for 6 ticks (~180s)
2026-09-07 14:11:11,588 WARNING alpaca | get_account: transient network error (ConnectTimeout); retry 1/2.
2026-09-07 14:11:17,226 WARNING alpaca | get_account: transient network error (ConnectTimeout); retry 2/2.
2026-09-07 14:11:23,367 WARNING orchestrator | Watchdog tick skipped on a transient network error (ConnectTimeout); retrying next tick (7 in a row).
2026-09-07 14:11:23,374 CRITICAL orchestrator | Watchdog BLIND: 7 consecutive ticks failed (~210s) — positions unwatched during market hours.
2026-09-07 14:11:23,399 WARNING notify | Alert email send failed (attempt 1/2): [Errno 8] nodename nor servname provided, or not known
2026-09-07 14:11:28,541 WARNING notify | Alert email send failed (attempt 2/2): [Errno 8] nodename nor servname provided, or not known
2026-09-07 14:11:28,546 ERROR notify | ALERT not delivered (no working sink): Watchdog blind for 7 ticks (~210s)
2026-09-07 14:11:58,589 WARNING alpaca | get_account: transient network error (ConnectTimeout); retry 1/2.
2026-09-07 14:12:04,311 WARNING alpaca | get_account: transient network error (ConnectTimeout); retry 2/2.
2026-09-07 14:12:10,467 WARNING orchestrator | Watchdog tick skipped on a transient network error (ConnectTimeout); retrying next tick (8 in a row).
2026-09-07 14:12:10,473 CRITICAL orchestrator | Watchdog BLIND: 8 consecutive ticks failed (~240s) — positions unwatched during market hours.
2026-09-07 14:12:10,485 WARNING notify | Alert email send failed (attempt 1/2): [Errno 8] nodename nor servname provided, or not known
2026-09-07 14:12:15,633 WARNING notify | Alert email send failed (attempt 2/2): [Errno 8] nodename nor servname provided, or not known
2026-09-07 14:12:15,637 ERROR notify | ALERT not delivered (no working sink): Watchdog blind for 8 ticks (~240s)
2026-09-07 14:12:45,601 WARNING alpaca | get_account: transient network error (ConnectTimeout); retry 1/2.
2026-09-07 14:12:51,273 WARNING alpaca | get_account: transient network error (ConnectTimeout); retry 2/2.
2026-09-07 14:12:57,363 WARNING orchestrator | Watchdog tick skipped on a transient network error (ConnectTimeout); retrying next tick (9 in a row).
2026-09-07 14:12:57,370 CRITICAL orchestrator | Watchdog BLIND: 9 consecutive ticks failed (~270s) — positions unwatched during market hours.
2026-09-07 14:12:57,394 WARNING notify | Alert email send failed (attempt 1/2): [Errno 8] nodename nor servname provided, or not known
2026-09-07 14:13:02,493 WARNING notify | Alert email send failed (attempt 2/2): [Errno 8] nodename nor servname provided, or not known
2026-09-07 14:13:02,498 ERROR notify | ALERT not delivered (no working sink): Watchdog blind for 9 ticks (~270s)
2026-09-07 14:13:32,575 WARNING alpaca | get_account: transient network error (ConnectTimeout); retry 1/2.
2026-09-07 14:13:38,218 WARNING alpaca | get_account: transient network error (ConnectTimeout); retry 2/2.
2026-09-07 14:13:44,320 WARNING orchestrator | Watchdog tick skipped on a transient network error (ConnectTimeout); retrying next tick (10 in a row).
2026-09-07 14:13:44,323 CRITICAL orchestrator | Watchdog BLIND: 10 consecutive ticks failed (~300s) — positions unwatched during market hours.
2026-09-07 14:13:44,330 WARNING notify | Alert email send failed (attempt 1/2): [Errno 8] nodename nor servname provided, or not known
2026-09-07 14:13:44,477 WARNING alpaca | get_clock: transient network error (ConnectTimeout); retry 1/2.
2026-09-07 14:13:49,486 WARNING notify | Alert email send failed (attempt 2/2): [Errno 8] nodename nor servname provided, or not known
2026-09-07 14:13:49,491 ERROR notify | ALERT not delivered (no working sink): Watchdog blind for 10 ticks (~300s)
2026-09-07 14:13:50,134 WARNING alpaca | get_clock: transient network error (ConnectTimeout); retry 2/2.
2026-09-07 14:13:56,296 WARNING orchestrator | Decision tick skipped on a transient network error (ConnectTimeout); retrying next tick.
2026-09-07 14:14:19,577 WARNING alpaca | get_account: transient network error (ConnectTimeout); retry 1/2.
2026-09-07 14:14:25,244 WARNING alpaca | get_account: transient network error (ConnectTimeout); retry 2/2.
2026-09-07 14:14:31,314 WARNING orchestrator | Watchdog tick skipped on a transient network error (ConnectTimeout); retrying next tick (11 in a row).
2026-09-07 14:14:31,320 CRITICAL orchestrator | Watchdog BLIND: 11 consecutive ticks failed (~330s) — positions unwatched during market hours.
2026-09-07 14:14:31,355 WARNING notify | Alert email send failed (attempt 1/2): [Errno 8] nodename nor servname provided, or not known
2026-09-07 14:14:31,445 WARNING alpaca | get_clock: transient network error (ConnectTimeout); retry 1/2.
2026-09-07 14:14:36,492 WARNING notify | Alert email send failed (attempt 2/2): [Errno 8] nodename nor servname provided, or not known
2026-09-07 14:14:36,498 ERROR notify | ALERT not delivered (no working sink): Watchdog blind for 11 ticks (~330s)
2026-09-07 14:14:37,080 WARNING alpaca | get_clock: transient network error (ConnectTimeout); retry 2/2.
2026-09-07 14:14:43,240 WARNING orchestrator | Decision tick skipped on a transient network error (ConnectTimeout); retrying next tick.
2026-09-07 14:15:06,460 WARNING alpaca | get_account: transient network error (ConnectTimeout); retry 1/2.
2026-09-07 14:15:12,131 WARNING alpaca | get_account: transient network error (ConnectTimeout); retry 2/2.
2026-09-07 14:15:18,153 WARNING orchestrator | Watchdog tick skipped on a transient network error (ConnectTimeout); retrying next tick (12 in a row).
2026-09-07 14:15:18,158 CRITICAL orchestrator | Watchdog BLIND: 12 consecutive ticks failed (~360s) — positions unwatched during market hours.
2026-09-07 14:15:18,171 WARNING notify | Alert email send failed (attempt 1/2): [Errno 8] nodename nor servname provided, or not known
2026-09-07 14:15:18,281 WARNING alpaca | get_clock: transient network error (ConnectTimeout); retry 1/2.
2026-09-07 14:15:23,255 WARNING notify | Alert email send failed (attempt 2/2): [Errno 8] nodename nor servname provided, or not known
2026-09-07 14:15:23,260 ERROR notify | ALERT not delivered (no working sink): Watchdog blind for 12 ticks (~360s)
2026-09-07 14:15:23,943 WARNING alpaca | get_clock: transient network error (ConnectTimeout); retry 2/2.
2026-09-07 14:15:30,053 WARNING orchestrator | Decision tick skipped on a transient network error (ConnectTimeout); retrying next tick.
2026-09-07 14:15:53,424 WARNING alpaca | get_account: transient network error (ConnectTimeout); retry 1/2.
2026-09-07 14:15:59,186 WARNING alpaca | get_account: transient network error (ConnectTimeout); retry 2/2.
2026-09-07 14:16:05,212 WARNING alpaca | get_clock: transient network error (ConnectTimeout); retry 1/2.
2026-09-07 14:16:05,333 WARNING orchestrator | Watchdog tick skipped on a transient network error (ConnectTimeout); retrying next tick (13 in a row).
2026-09-07 14:16:05,337 CRITICAL orchestrator | Watchdog BLIND: 13 consecutive ticks failed (~390s) — positions unwatched during market hours.
2026-09-07 14:16:05,356 WARNING notify | Alert email send failed (attempt 1/2): [Errno 8] nodename nor servname provided, or not known
2026-09-07 14:16:10,426 WARNING notify | Alert email send failed (attempt 2/2): [Errno 8] nodename nor servname provided, or not known
2026-09-07 14:16:10,428 ERROR notify | ALERT not delivered (no working sink): Watchdog blind for 13 ticks (~390s)
2026-09-07 14:16:10,840 WARNING alpaca | get_clock: transient network error (ConnectTimeout); retry 2/2.
2026-09-07 14:16:16,967 WARNING orchestrator | Decision tick skipped on a transient network error (ConnectTimeout); retrying next tick.
2026-09-07 14:16:40,615 WARNING alpaca | get_account: transient network error (ConnectTimeout); retry 1/2.
2026-09-07 14:16:46,377 WARNING alpaca | get_account: transient network error (ConnectTimeout); retry 2/2.
2026-09-07 14:16:52,096 WARNING alpaca | get_clock: transient network error (ConnectTimeout); retry 1/2.
2026-09-07 14:16:52,475 WARNING orchestrator | Watchdog tick skipped on a transient network error (ConnectTimeout); retrying next tick (14 in a row).
2026-09-07 14:16:52,479 CRITICAL orchestrator | Watchdog BLIND: 14 consecutive ticks failed (~420s) — positions unwatched during market hours.
2026-09-07 14:16:52,490 WARNING notify | Alert email send failed (attempt 1/2): [Errno 8] nodename nor servname provided, or not known
2026-09-07 14:16:57,643 WARNING notify | Alert email send failed (attempt 2/2): [Errno 8] nodename nor servname provided, or not known
2026-09-07 14:16:57,648 ERROR notify | ALERT not delivered (no working sink): Watchdog blind for 14 ticks (~420s)
2026-09-07 14:16:57,726 WARNING alpaca | get_clock: transient network error (ConnectTimeout); retry 2/2.
2026-09-07 14:17:03,842 WARNING orchestrator | Decision tick skipped on a transient network error (ConnectTimeout); retrying next tick.
2026-09-07 14:17:27,692 WARNING alpaca | get_account: transient network error (ConnectTimeout); retry 1/2.
2026-09-07 14:17:33,369 WARNING alpaca | get_account: transient network error (ConnectTimeout); retry 2/2.
2026-09-07 14:17:39,016 WARNING alpaca | get_clock: transient network error (ConnectTimeout); retry 1/2.
2026-09-07 14:17:39,525 WARNING orchestrator | Watchdog tick skipped on a transient network error (ConnectTimeout); retrying next tick (15 in a row).
2026-09-07 14:17:39,529 CRITICAL orchestrator | Watchdog BLIND: 15 consecutive ticks failed (~450s) — positions unwatched during market hours.
2026-09-07 14:17:39,573 WARNING notify | Alert email send failed (attempt 1/2): [Errno 8] nodename nor servname provided, or not known
2026-09-07 14:17:44,550 WARNING alpaca | get_clock: transient network error (ConnectTimeout); retry 2/2.
2026-09-07 14:17:44,713 WARNING notify | Alert email send failed (attempt 2/2): [Errno 8] nodename nor servname provided, or not known
2026-09-07 14:17:44,718 ERROR notify | ALERT not delivered (no working sink): Watchdog blind for 15 ticks (~450s)
2026-09-07 14:17:50,653 WARNING orchestrator | Decision tick skipped on a transient network error (ConnectTimeout); retrying next tick.
2026-09-07 14:18:14,750 WARNING alpaca | get_account: transient network error (ConnectTimeout); retry 1/2.
2026-09-07 14:18:20,414 WARNING alpaca | get_account: transient network error (ConnectTimeout); retry 2/2.
2026-09-07 14:18:25,719 WARNING alpaca | get_clock: transient network error (ConnectTimeout); retry 1/2.
2026-09-07 14:18:26,518 WARNING orchestrator | Watchdog tick skipped on a transient network error (ConnectTimeout); retrying next tick (16 in a row).
2026-09-07 14:18:26,522 CRITICAL orchestrator | Watchdog BLIND: 16 consecutive ticks failed (~480s) — positions unwatched during market hours.
2026-09-07 14:18:26,530 WARNING notify | Alert email send failed (attempt 1/2): [Errno 8] nodename nor servname provided, or not known
2026-09-07 14:18:31,371 WARNING alpaca | get_clock: transient network error (ConnectTimeout); retry 2/2.
2026-09-07 14:18:31,642 WARNING notify | Alert email send failed (attempt 2/2): [Errno 8] nodename nor servname provided, or not known
2026-09-07 14:18:31,647 ERROR notify | ALERT not delivered (no working sink): Watchdog blind for 16 ticks (~480s)
2026-09-07 14:18:37,508 WARNING orchestrator | Decision tick skipped on a transient network error (ConnectTimeout); retrying next tick.
2026-09-07 14:19:01,690 WARNING alpaca | get_account: transient network error (ConnectTimeout); retry 1/2.
2026-09-07 14:19:07,410 WARNING alpaca | get_account: transient network error (ConnectTimeout); retry 2/2.
2026-09-07 14:19:12,660 WARNING alpaca | get_clock: transient network error (ConnectTimeout); retry 1/2.
2026-09-07 14:19:13,561 WARNING orchestrator | Watchdog tick skipped on a transient network error (ConnectTimeout); retrying next tick (17 in a row).
2026-09-07 14:19:13,565 CRITICAL orchestrator | Watchdog BLIND: 17 consecutive ticks failed (~510s) — positions unwatched during market hours.
2026-09-07 14:19:13,587 WARNING notify | Alert email send failed (attempt 1/2): [Errno 8] nodename nor servname provided, or not known
2026-09-07 14:19:18,285 WARNING alpaca | get_clock: transient network error (ConnectTimeout); retry 2/2.
2026-09-07 14:19:18,742 WARNING notify | Alert email send failed (attempt 2/2): [Errno 8] nodename nor servname provided, or not known
2026-09-07 14:19:18,743 ERROR notify | ALERT not delivered (no working sink): Watchdog blind for 17 ticks (~510s)
2026-09-07 14:19:24,440 WARNING orchestrator | Decision tick skipped on a transient network error (ConnectTimeout); retrying next tick.
2026-09-07 14:19:48,865 WARNING alpaca | get_account: transient network error (ConnectTimeout); retry 1/2.
2026-09-07 14:19:54,593 WARNING alpaca | get_account: transient network error (ConnectTimeout); retry 2/2.
2026-09-07 14:19:59,592 WARNING alpaca | get_clock: transient network error (ConnectTimeout); retry 1/2.
2026-09-07 14:20:00,707 WARNING orchestrator | Watchdog tick skipped on a transient network error (ConnectTimeout); retrying next tick (18 in a row).
2026-09-07 14:20:00,711 CRITICAL orchestrator | Watchdog BLIND: 18 consecutive ticks failed (~540s) — positions unwatched during market hours.
2026-09-07 14:20:00,721 WARNING notify | Alert email send failed (attempt 1/2): [Errno 8] nodename nor servname provided, or not known
2026-09-07 14:20:05,244 WARNING alpaca | get_clock: transient network error (ConnectTimeout); retry 2/2.
2026-09-07 14:20:05,841 WARNING notify | Alert email send failed (attempt 2/2): [Errno 8] nodename nor servname provided, or not known
2026-09-07 14:20:05,843 ERROR notify | ALERT not delivered (no working sink): Watchdog blind for 18 ticks (~540s)
2026-09-07 14:20:11,366 WARNING orchestrator | Decision tick skipped on a transient network error (ConnectTimeout); retrying next tick.
2026-09-07 14:20:35,905 WARNING alpaca | get_account: transient network error (ConnectTimeout); retry 1/2.
2026-09-07 14:20:41,451 WARNING alpaca | get_account: transient network error (ConnectTimeout); retry 2/2.
2026-09-07 14:20:46,516 WARNING alpaca | get_clock: transient network error (ConnectTimeout); retry 1/2.
2026-09-07 14:20:47,598 WARNING orchestrator | Watchdog tick skipped on a transient network error (ConnectTimeout); retrying next tick (19 in a row).
2026-09-07 14:20:47,602 CRITICAL orchestrator | Watchdog BLIND: 19 consecutive ticks failed (~570s) — positions unwatched during market hours.
2026-09-07 14:20:47,619 WARNING notify | Alert email send failed (attempt 1/2): [Errno 8] nodename nor servname provided, or not known
2026-09-07 14:20:52,178 WARNING alpaca | get_clock: transient network error (ConnectTimeout); retry 2/2.
2026-09-07 14:20:52,641 WARNING notify | Alert email send failed (attempt 2/2): [Errno 8] nodename nor servname provided, or not known
2026-09-07 14:20:52,645 ERROR notify | ALERT not delivered (no working sink): Watchdog blind for 19 ticks (~570s)
2026-09-07 14:20:58,223 WARNING orchestrator | Decision tick skipped on a transient network error (ConnectTimeout); retrying next tick.
2026-09-07 14:21:22,822 WARNING alpaca | get_account: transient network error (ConnectTimeout); retry 1/2.
2026-09-07 14:21:28,488 WARNING alpaca | get_account: transient network error (ConnectTimeout); retry 2/2.
2026-09-07 14:21:33,389 WARNING alpaca | get_clock: transient network error (ConnectTimeout); retry 1/2.
2026-09-07 14:21:34,635 WARNING orchestrator | Watchdog tick skipped on a transient network error (ConnectTimeout); retrying next tick (20 in a row).
2026-09-07 14:21:34,638 CRITICAL orchestrator | Watchdog BLIND: 20 consecutive ticks failed (~600s) — positions unwatched during market hours.
2026-09-07 14:21:34,646 WARNING notify | Alert email send failed (attempt 1/2): [Errno 8] nodename nor servname provided, or not known
2026-09-07 14:21:39,043 WARNING alpaca | get_clock: transient network error (ConnectTimeout); retry 2/2.
2026-09-07 14:21:39,757 WARNING notify | Alert email send failed (attempt 2/2): [Errno 8] nodename nor servname provided, or not known
2026-09-07 14:21:39,761 ERROR notify | ALERT not delivered (no working sink): Watchdog blind for 20 ticks (~600s)
2026-09-07 14:21:45,204 WARNING orchestrator | Decision tick skipped on a transient network error (ConnectTimeout); retrying next tick.
2026-09-07 14:22:09,861 WARNING alpaca | get_account: transient network error (ConnectTimeout); retry 1/2.
2026-09-07 14:22:15,503 WARNING alpaca | get_account: transient network error (ConnectTimeout); retry 2/2.
2026-09-07 14:22:20,370 WARNING alpaca | get_clock: transient network error (ConnectTimeout); retry 1/2.
2026-09-07 14:22:21,568 WARNING orchestrator | Watchdog tick skipped on a transient network error (ConnectTimeout); retrying next tick (21 in a row).
2026-09-07 14:22:21,570 CRITICAL orchestrator | Watchdog BLIND: 21 consecutive ticks failed (~630s) — positions unwatched during market hours.
2026-09-07 14:22:21,638 WARNING notify | Alert email send failed (attempt 1/2): [Errno 8] nodename nor servname provided, or not known
2026-09-07 14:22:26,040 WARNING alpaca | get_clock: transient network error (ConnectTimeout); retry 2/2.
2026-09-07 14:22:26,772 WARNING notify | Alert email send failed (attempt 2/2): [Errno 8] nodename nor servname provided, or not known
2026-09-07 14:22:26,776 ERROR notify | ALERT not delivered (no working sink): Watchdog blind for 21 ticks (~630s)
2026-09-07 14:22:32,195 WARNING orchestrator | Decision tick skipped on a transient network error (ConnectTimeout); retrying next tick.
2026-09-07 14:22:56,655 WARNING alpaca | get_account: transient network error (ConnectTimeout); retry 1/2.
2026-09-07 14:23:02,315 WARNING alpaca | get_account: transient network error (ConnectTimeout); retry 2/2.
2026-09-07 14:23:07,355 WARNING alpaca | get_clock: transient network error (ConnectTimeout); retry 1/2.
2026-09-07 14:23:08,330 WARNING orchestrator | Watchdog tick skipped on a transient network error (ConnectTimeout); retrying next tick (22 in a row).
2026-09-07 14:23:08,334 CRITICAL orchestrator | Watchdog BLIND: 22 consecutive ticks failed (~660s) — positions unwatched during market hours.
2026-09-07 14:23:08,344 WARNING notify | Alert email send failed (attempt 1/2): [Errno 8] nodename nor servname provided, or not known
2026-09-07 14:23:12,877 WARNING alpaca | get_clock: transient network error (ConnectTimeout); retry 2/2.
2026-09-07 14:23:13,497 WARNING notify | Alert email send failed (attempt 2/2): [Errno 8] nodename nor servname provided, or not known
2026-09-07 14:23:13,499 ERROR notify | ALERT not delivered (no working sink): Watchdog blind for 22 ticks (~660s)
2026-09-07 14:23:19,017 WARNING orchestrator | Decision tick skipped on a transient network error (ConnectTimeout); retrying next tick.
2026-09-07 14:23:43,709 WARNING alpaca | get_account: transient network error (ConnectTimeout); retry 1/2.
2026-09-07 14:23:49,379 WARNING alpaca | get_account: transient network error (ConnectTimeout); retry 2/2.
2026-09-07 14:23:54,180 WARNING alpaca | get_clock: transient network error (ConnectTimeout); retry 1/2.
2026-09-07 14:23:55,536 WARNING orchestrator | Watchdog tick skipped on a transient network error (ConnectTimeout); retrying next tick (23 in a row).
2026-09-07 14:23:55,540 CRITICAL orchestrator | Watchdog BLIND: 23 consecutive ticks failed (~690s) — positions unwatched during market hours.
2026-09-07 14:23:55,556 WARNING notify | Alert email send failed (attempt 1/2): [Errno 8] nodename nor servname provided, or not known
2026-09-07 14:23:59,839 WARNING alpaca | get_clock: transient network error (ConnectTimeout); retry 2/2.
2026-09-07 14:24:00,710 WARNING notify | Alert email send failed (attempt 2/2): [Errno 8] nodename nor servname provided, or not known
2026-09-07 14:24:00,715 ERROR notify | ALERT not delivered (no working sink): Watchdog blind for 23 ticks (~690s)
2026-09-07 14:24:06,001 WARNING orchestrator | Decision tick skipped on a transient network error (ConnectTimeout); retrying next tick.
2026-09-07 14:24:30,762 WARNING alpaca | get_account: transient network error (ConnectTimeout); retry 1/2.
2026-09-07 14:24:36,433 WARNING alpaca | get_account: transient network error (ConnectTimeout); retry 2/2.
2026-09-07 14:24:41,038 WARNING alpaca | get_clock: transient network error (ConnectTimeout); retry 1/2.
2026-09-07 14:24:42,592 WARNING orchestrator | Watchdog tick skipped on a transient network error (ConnectTimeout); retrying next tick (24 in a row).
2026-09-07 14:24:42,596 CRITICAL orchestrator | Watchdog BLIND: 24 consecutive ticks failed (~720s) — positions unwatched during market hours.
2026-09-07 14:24:42,608 WARNING notify | Alert email send failed (attempt 1/2): [Errno 8] nodename nor servname provided, or not known
2026-09-07 14:24:46,700 WARNING alpaca | get_clock: transient network error (ConnectTimeout); retry 2/2.
2026-09-07 14:24:47,727 WARNING notify | Alert email send failed (attempt 2/2): [Errno 8] nodename nor servname provided, or not known
2026-09-07 14:24:47,731 ERROR notify | ALERT not delivered (no working sink): Watchdog blind for 24 ticks (~720s)
2026-09-07 14:24:52,858 WARNING orchestrator | Decision tick skipped on a transient network error (ConnectTimeout); retrying next tick.
2026-09-07 14:25:17,766 WARNING alpaca | get_account: transient network error (ConnectTimeout); retry 1/2.
2026-09-07 14:25:23,416 WARNING alpaca | get_account: transient network error (ConnectTimeout); retry 2/2.
2026-09-07 14:25:28,010 WARNING alpaca | get_clock: transient network error (ConnectTimeout); retry 1/2.
2026-09-07 14:25:29,559 WARNING orchestrator | Watchdog tick skipped on a transient network error (ConnectTimeout); retrying next tick (25 in a row).
2026-09-07 14:25:29,564 CRITICAL orchestrator | Watchdog BLIND: 25 consecutive ticks failed (~750s) — positions unwatched during market hours.
2026-09-07 14:25:29,590 WARNING notify | Alert email send failed (attempt 1/2): [Errno 8] nodename nor servname provided, or not known
2026-09-07 14:25:33,671 WARNING alpaca | get_clock: transient network error (ConnectTimeout); retry 2/2.
2026-09-07 14:25:34,747 WARNING notify | Alert email send failed (attempt 2/2): [Errno 8] nodename nor servname provided, or not known
2026-09-07 14:25:34,752 ERROR notify | ALERT not delivered (no working sink): Watchdog blind for 25 ticks (~750s)
2026-09-07 14:25:39,830 WARNING orchestrator | Decision tick skipped on a transient network error (ConnectTimeout); retrying next tick.
2026-09-07 14:26:04,779 WARNING alpaca | get_account: transient network error (ConnectTimeout); retry 1/2.
2026-09-07 14:26:10,511 WARNING alpaca | get_account: transient network error (ConnectTimeout); retry 2/2.
2026-09-07 14:26:14,998 WARNING alpaca | get_clock: transient network error (ConnectTimeout); retry 1/2.
2026-09-07 14:26:16,637 WARNING orchestrator | Watchdog tick skipped on a transient network error (ConnectTimeout); retrying next tick (26 in a row).
2026-09-07 14:26:16,640 CRITICAL orchestrator | Watchdog BLIND: 26 consecutive ticks failed (~780s) — positions unwatched during market hours.
2026-09-07 14:26:16,649 WARNING notify | Alert email send failed (attempt 1/2): [Errno 8] nodename nor servname provided, or not known
2026-09-07 14:26:20,647 WARNING alpaca | get_clock: transient network error (ConnectTimeout); retry 2/2.
2026-09-07 14:26:21,787 WARNING notify | Alert email send failed (attempt 2/2): [Errno 8] nodename nor servname provided, or not known
2026-09-07 14:26:21,792 ERROR notify | ALERT not delivered (no working sink): Watchdog blind for 26 ticks (~780s)
2026-09-07 14:26:26,778 WARNING orchestrator | Decision tick skipped on a transient network error (ConnectTimeout); retrying next tick.
2026-09-07 14:26:51,830 WARNING alpaca | get_account: transient network error (ConnectTimeout); retry 1/2.
2026-09-07 14:26:57,481 WARNING alpaca | get_account: transient network error (ConnectTimeout); retry 2/2.
2026-09-07 14:27:01,946 WARNING alpaca | get_clock: transient network error (ConnectTimeout); retry 1/2.
2026-09-07 14:27:03,600 WARNING orchestrator | Watchdog tick skipped on a transient network error (ConnectTimeout); retrying next tick (27 in a row).
2026-09-07 14:27:03,604 CRITICAL orchestrator | Watchdog BLIND: 27 consecutive ticks failed (~810s) — positions unwatched during market hours.
2026-09-07 14:27:03,706 WARNING notify | Alert email send failed (attempt 1/2): [Errno 8] nodename nor servname provided, or not known
2026-09-07 14:27:07,544 WARNING alpaca | get_clock: transient network error (ConnectTimeout); retry 2/2.
2026-09-07 14:27:08,807 WARNING notify | Alert email send failed (attempt 2/2): [Errno 8] nodename nor servname provided, or not known
2026-09-07 14:27:08,812 ERROR notify | ALERT not delivered (no working sink): Watchdog blind for 27 ticks (~810s)
2026-09-07 14:27:13,709 WARNING orchestrator | Decision tick skipped on a transient network error (ConnectTimeout); retrying next tick.
2026-09-07 14:27:38,815 WARNING alpaca | get_account: transient network error (ConnectTimeout); retry 1/2.
2026-09-07 14:27:44,480 WARNING alpaca | get_account: transient network error (ConnectTimeout); retry 2/2.
2026-09-07 14:27:48,865 WARNING alpaca | get_clock: transient network error (ConnectTimeout); retry 1/2.
2026-09-07 14:27:50,635 WARNING orchestrator | Watchdog tick skipped on a transient network error (ConnectTimeout); retrying next tick (28 in a row).
2026-09-07 14:27:50,641 CRITICAL orchestrator | Watchdog BLIND: 28 consecutive ticks failed (~840s) — positions unwatched during market hours.
2026-09-07 14:27:50,651 WARNING notify | Alert email send failed (attempt 1/2): [Errno 8] nodename nor servname provided, or not known
2026-09-07 14:27:54,504 WARNING alpaca | get_clock: transient network error (ConnectTimeout); retry 2/2.
2026-09-07 14:27:55,774 WARNING notify | Alert email send failed (attempt 2/2): [Errno 8] nodename nor servname provided, or not known
2026-09-07 14:27:55,778 ERROR notify | ALERT not delivered (no working sink): Watchdog blind for 28 ticks (~840s)
2026-09-07 14:28:00,563 WARNING orchestrator | Decision tick skipped on a transient network error (ConnectTimeout); retrying next tick.
2026-09-07 14:28:25,778 WARNING alpaca | get_account: transient network error (ConnectTimeout); retry 1/2.
2026-09-07 14:28:31,405 WARNING alpaca | get_account: transient network error (ConnectTimeout); retry 2/2.
2026-09-07 14:28:35,713 WARNING alpaca | get_clock: transient network error (ConnectTimeout); retry 1/2.
2026-09-07 14:28:37,492 WARNING orchestrator | Watchdog tick skipped on a transient network error (ConnectTimeout); retrying next tick (29 in a row).
2026-09-07 14:28:37,497 CRITICAL orchestrator | Watchdog BLIND: 29 consecutive ticks failed (~870s) — positions unwatched during market hours.
2026-09-07 14:28:37,553 WARNING notify | Alert email send failed (attempt 1/2): [Errno 8] nodename nor servname provided, or not known
2026-09-07 14:28:41,373 WARNING alpaca | get_clock: transient network error (ConnectTimeout); retry 2/2.
2026-09-07 14:28:42,689 WARNING notify | Alert email send failed (attempt 2/2): [Errno 8] nodename nor servname provided, or not known
2026-09-07 14:28:42,693 ERROR notify | ALERT not delivered (no working sink): Watchdog blind for 29 ticks (~870s)
2026-09-07 14:28:47,539 WARNING orchestrator | Decision tick skipped on a transient network error (ConnectTimeout); retrying next tick.
2026-09-07 14:29:12,708 WARNING alpaca | get_account: transient network error (ConnectTimeout); retry 1/2.
2026-09-07 14:29:18,363 WARNING alpaca | get_account: transient network error (ConnectTimeout); retry 2/2.
2026-09-07 14:29:22,707 WARNING alpaca | get_clock: transient network error (ConnectTimeout); retry 1/2.
2026-09-07 14:29:24,507 WARNING orchestrator | Watchdog tick skipped on a transient network error (ConnectTimeout); retrying next tick (30 in a row).
2026-09-07 14:29:24,510 CRITICAL orchestrator | Watchdog BLIND: 30 consecutive ticks failed (~900s) — positions unwatched during market hours.
2026-09-07 14:29:24,518 WARNING notify | Alert email send failed (attempt 1/2): [Errno 8] nodename nor servname provided, or not known
2026-09-07 14:29:28,344 WARNING alpaca | get_clock: transient network error (ConnectTimeout); retry 2/2.
2026-09-07 14:29:29,666 WARNING notify | Alert email send failed (attempt 2/2): [Errno 8] nodename nor servname provided, or not known
2026-09-07 14:29:29,668 ERROR notify | ALERT not delivered (no working sink): Watchdog blind for 30 ticks (~900s)
2026-09-07 14:29:34,508 WARNING orchestrator | Decision tick skipped on a transient network error (ConnectTimeout); retrying next tick.
2026-09-07 14:29:59,694 WARNING alpaca | get_account: transient network error (ConnectTimeout); retry 1/2.
2026-09-07 14:30:05,363 WARNING alpaca | get_account: transient network error (ConnectTimeout); retry 2/2.
2026-09-07 14:30:09,663 WARNING alpaca | get_clock: transient network error (ConnectTimeout); retry 1/2.
2026-09-07 14:30:11,525 WARNING orchestrator | Watchdog tick skipped on a transient network error (ConnectTimeout); retrying next tick (31 in a row).
2026-09-07 14:30:11,530 CRITICAL orchestrator | Watchdog BLIND: 31 consecutive ticks failed (~930s) — positions unwatched during market hours.
2026-09-07 14:30:11,553 WARNING notify | Alert email send failed (attempt 1/2): [Errno 8] nodename nor servname provided, or not known
2026-09-07 14:30:15,329 WARNING alpaca | get_clock: transient network error (ConnectTimeout); retry 2/2.
2026-09-07 14:30:16,701 WARNING notify | Alert email send failed (attempt 2/2): [Errno 8] nodename nor servname provided, or not known
2026-09-07 14:30:16,708 ERROR notify | ALERT not delivered (no working sink): Watchdog blind for 31 ticks (~930s)
2026-09-07 14:30:21,460 WARNING orchestrator | Decision tick skipped on a transient network error (ConnectTimeout); retrying next tick.
2026-09-07 14:30:46,738 WARNING alpaca | get_account: transient network error (ConnectTimeout); retry 1/2.
2026-09-07 14:30:52,468 WARNING alpaca | get_account: transient network error (ConnectTimeout); retry 2/2.
2026-09-07 14:30:56,612 WARNING alpaca | get_clock: transient network error (ConnectTimeout); retry 1/2.
2026-09-07 14:30:58,507 WARNING orchestrator | Watchdog tick skipped on a transient network error (ConnectTimeout); retrying next tick (32 in a row).
2026-09-07 14:30:58,509 CRITICAL orchestrator | Watchdog BLIND: 32 consecutive ticks failed (~960s) — positions unwatched during market hours.
2026-09-07 14:30:58,517 WARNING notify | Alert email send failed (attempt 1/2): [Errno 8] nodename nor servname provided, or not known
2026-09-07 14:31:02,255 WARNING alpaca | get_clock: transient network error (ConnectTimeout); retry 2/2.
2026-09-07 14:31:03,663 WARNING notify | Alert email send failed (attempt 2/2): [Errno 8] nodename nor servname provided, or not known
2026-09-07 14:31:03,668 ERROR notify | ALERT not delivered (no working sink): Watchdog blind for 32 ticks (~960s)
2026-09-07 14:31:08,405 WARNING orchestrator | Decision tick skipped on a transient network error (ConnectTimeout); retrying next tick.
2026-09-07 14:31:33,716 WARNING alpaca | get_account: transient network error (ConnectTimeout); retry 1/2.
2026-09-07 14:31:39,362 WARNING alpaca | get_account: transient network error (ConnectTimeout); retry 2/2.
2026-09-07 14:31:43,566 WARNING alpaca | get_clock: transient network error (ConnectTimeout); retry 1/2.
2026-09-07 14:31:45,382 WARNING orchestrator | Watchdog tick skipped on a transient network error (ConnectTimeout); retrying next tick (33 in a row).
2026-09-07 14:31:45,386 CRITICAL orchestrator | Watchdog BLIND: 33 consecutive ticks failed (~990s) — positions unwatched during market hours.
2026-09-07 14:31:45,407 WARNING notify | Alert email send failed (attempt 1/2): [Errno 8] nodename nor servname provided, or not known
2026-09-07 14:31:49,182 WARNING alpaca | get_clock: transient network error (ConnectTimeout); retry 2/2.
2026-09-07 14:31:50,561 WARNING notify | Alert email send failed (attempt 2/2): [Errno 8] nodename nor servname provided, or not known
2026-09-07 14:31:50,565 ERROR notify | ALERT not delivered (no working sink): Watchdog blind for 33 ticks (~990s)
2026-09-07 14:31:55,336 WARNING orchestrator | Decision tick skipped on a transient network error (ConnectTimeout); retrying next tick.
2026-09-07 14:32:20,607 WARNING alpaca | get_account: transient network error (ConnectTimeout); retry 1/2.
2026-09-07 14:32:26,319 WARNING alpaca | get_account: transient network error (ConnectTimeout); retry 2/2.
2026-09-07 14:32:30,497 WARNING alpaca | get_clock: transient network error (ConnectTimeout); retry 1/2.
2026-09-07 14:32:32,471 WARNING orchestrator | Watchdog tick skipped on a transient network error (ConnectTimeout); retrying next tick (34 in a row).
2026-09-07 14:32:32,476 CRITICAL orchestrator | Watchdog BLIND: 34 consecutive ticks failed (~1020s) — positions unwatched during market hours.
2026-09-07 14:32:32,489 WARNING notify | Alert email send failed (attempt 1/2): [Errno 8] nodename nor servname provided, or not known
2026-09-07 14:32:36,161 WARNING alpaca | get_clock: transient network error (ConnectTimeout); retry 2/2.
2026-09-07 14:32:37,640 WARNING notify | Alert email send failed (attempt 2/2): [Errno 8] nodename nor servname provided, or not known
2026-09-07 14:32:37,644 ERROR notify | ALERT not delivered (no working sink): Watchdog blind for 34 ticks (~1020s)
2026-09-07 14:32:42,328 WARNING orchestrator | Decision tick skipped on a transient network error (ConnectTimeout); retrying next tick.
2026-09-07 14:33:07,742 WARNING alpaca | get_account: transient network error (ConnectTimeout); retry 1/2.
2026-09-07 14:33:13,344 WARNING alpaca | get_account: transient network error (ConnectTimeout); retry 2/2.
2026-09-07 14:33:17,467 WARNING alpaca | get_clock: transient network error (ConnectTimeout); retry 1/2.
2026-09-07 14:33:19,494 WARNING orchestrator | Watchdog tick skipped on a transient network error (ConnectTimeout); retrying next tick (35 in a row).
2026-09-07 14:33:19,499 CRITICAL orchestrator | Watchdog BLIND: 35 consecutive ticks failed (~1050s) — positions unwatched during market hours.
2026-09-07 14:33:19,519 WARNING notify | Alert email send failed (attempt 1/2): [Errno 8] nodename nor servname provided, or not known
2026-09-07 14:33:23,005 WARNING alpaca | get_clock: transient network error (ConnectTimeout); retry 2/2.
2026-09-07 14:33:24,638 WARNING notify | Alert email send failed (attempt 2/2): [Errno 8] nodename nor servname provided, or not known
2026-09-07 14:33:24,643 ERROR notify | ALERT not delivered (no working sink): Watchdog blind for 35 ticks (~1050s)
2026-09-07 14:33:29,164 WARNING orchestrator | Decision tick skipped on a transient network error (ConnectTimeout); retrying next tick.
2026-09-07 14:33:54,642 WARNING alpaca | get_account: transient network error (ConnectTimeout); retry 1/2.
2026-09-07 14:34:00,285 WARNING alpaca | get_account: transient network error (ConnectTimeout); retry 2/2.
2026-09-07 14:34:04,329 WARNING alpaca | get_clock: transient network error (ConnectTimeout); retry 1/2.
2026-09-07 14:34:06,435 WARNING orchestrator | Watchdog tick skipped on a transient network error (ConnectTimeout); retrying next tick (36 in a row).
2026-09-07 14:34:06,437 CRITICAL orchestrator | Watchdog BLIND: 36 consecutive ticks failed (~1080s) — positions unwatched during market hours.
2026-09-07 14:34:06,446 WARNING notify | Alert email send failed (attempt 1/2): [Errno 8] nodename nor servname provided, or not known
2026-09-07 14:34:09,973 WARNING alpaca | get_clock: transient network error (ConnectTimeout); retry 2/2.
2026-09-07 14:34:11,600 WARNING notify | Alert email send failed (attempt 2/2): [Errno 8] nodename nor servname provided, or not known
2026-09-07 14:34:11,606 ERROR notify | ALERT not delivered (no working sink): Watchdog blind for 36 ticks (~1080s)
2026-09-07 14:34:16,083 WARNING orchestrator | Decision tick skipped on a transient network error (ConnectTimeout); retrying next tick.
2026-09-07 14:34:41,629 WARNING alpaca | get_account: transient network error (ConnectTimeout); retry 1/2.
2026-09-07 14:34:47,352 WARNING alpaca | get_account: transient network error (ConnectTimeout); retry 2/2.
2026-09-07 14:34:51,209 WARNING alpaca | get_clock: transient network error (ConnectTimeout); retry 1/2.
2026-09-07 14:34:53,504 WARNING orchestrator | Watchdog tick skipped on a transient network error (ConnectTimeout); retrying next tick (37 in a row).
2026-09-07 14:34:53,509 CRITICAL orchestrator | Watchdog BLIND: 37 consecutive ticks failed (~1110s) — positions unwatched during market hours.
2026-09-07 14:34:53,530 WARNING notify | Alert email send failed (attempt 1/2): [Errno 8] nodename nor servname provided, or not known
2026-09-07 14:34:56,852 WARNING alpaca | get_clock: transient network error (ConnectTimeout); retry 2/2.
2026-09-07 14:34:58,677 WARNING notify | Alert email send failed (attempt 2/2): [Errno 8] nodename nor servname provided, or not known
2026-09-07 14:34:58,682 ERROR notify | ALERT not delivered (no working sink): Watchdog blind for 37 ticks (~1110s)
2026-09-07 14:35:03,012 WARNING orchestrator | Decision tick skipped on a transient network error (ConnectTimeout); retrying next tick.
2026-09-07 14:35:28,610 WARNING alpaca | get_account: transient network error (ConnectTimeout); retry 1/2.
2026-09-07 14:35:34,254 WARNING alpaca | get_account: transient network error (ConnectTimeout); retry 2/2.
2026-09-07 14:35:38,147 WARNING alpaca | get_clock: transient network error (ConnectTimeout); retry 1/2.
2026-09-07 14:35:40,412 WARNING orchestrator | Watchdog tick skipped on a transient network error (ConnectTimeout); retrying next tick (38 in a row).
2026-09-07 14:35:40,416 CRITICAL orchestrator | Watchdog BLIND: 38 consecutive ticks failed (~1140s) — positions unwatched during market hours.
2026-09-07 14:35:40,427 WARNING notify | Alert email send failed (attempt 1/2): [Errno 8] nodename nor servname provided, or not known
2026-09-07 14:35:43,811 WARNING alpaca | get_clock: transient network error (ConnectTimeout); retry 2/2.
2026-09-07 14:35:45,585 WARNING notify | Alert email send failed (attempt 2/2): [Errno 8] nodename nor servname provided, or not known
2026-09-07 14:35:45,588 ERROR notify | ALERT not delivered (no working sink): Watchdog blind for 38 ticks (~1140s)
2026-09-07 14:35:49,966 WARNING orchestrator | Decision tick skipped on a transient network error (ConnectTimeout); retrying next tick.
2026-09-07 14:36:15,580 WARNING alpaca | get_account: transient network error (ConnectTimeout); retry 1/2.
2026-09-07 14:36:21,216 WARNING alpaca | get_account: transient network error (ConnectTimeout); retry 2/2.
2026-09-07 14:36:25,122 WARNING alpaca | get_clock: transient network error (ConnectTimeout); retry 1/2.
2026-09-07 14:36:27,377 WARNING orchestrator | Watchdog tick skipped on a transient network error (ConnectTimeout); retrying next tick (39 in a row).
2026-09-07 14:36:27,381 CRITICAL orchestrator | Watchdog BLIND: 39 consecutive ticks failed (~1170s) — positions unwatched during market hours.
2026-09-07 14:36:27,398 WARNING notify | Alert email send failed (attempt 1/2): [Errno 8] nodename nor servname provided, or not known
2026-09-07 14:36:30,781 WARNING alpaca | get_clock: transient network error (ConnectTimeout); retry 2/2.
2026-09-07 14:36:32,467 WARNING notify | Alert email send failed (attempt 2/2): [Errno 8] nodename nor servname provided, or not known
2026-09-07 14:36:32,474 ERROR notify | ALERT not delivered (no working sink): Watchdog blind for 39 ticks (~1170s)
2026-09-07 14:36:36,907 WARNING orchestrator | Decision tick skipped on a transient network error (ConnectTimeout); retrying next tick.
2026-09-07 14:37:02,621 WARNING alpaca | get_account: transient network error (ConnectTimeout); retry 1/2.
2026-09-07 14:37:08,212 WARNING alpaca | get_account: transient network error (ConnectTimeout); retry 2/2.
2026-09-07 14:37:12,070 WARNING alpaca | get_clock: transient network error (ConnectTimeout); retry 1/2.
2026-09-07 14:37:14,372 WARNING orchestrator | Watchdog tick skipped on a transient network error (ConnectTimeout); retrying next tick (40 in a row).
2026-09-07 14:37:14,377 CRITICAL orchestrator | Watchdog BLIND: 40 consecutive ticks failed (~1200s) — positions unwatched during market hours.
2026-09-07 14:37:14,385 WARNING notify | Alert email send failed (attempt 1/2): [Errno 8] nodename nor servname provided, or not known
2026-09-07 14:37:17,718 WARNING alpaca | get_clock: transient network error (ConnectTimeout); retry 2/2.
2026-09-07 14:37:19,453 WARNING notify | Alert email send failed (attempt 2/2): [Errno 8] nodename nor servname provided, or not known
2026-09-07 14:37:19,457 ERROR notify | ALERT not delivered (no working sink): Watchdog blind for 40 ticks (~1200s)
2026-09-07 14:37:23,874 WARNING orchestrator | Decision tick skipped on a transient network error (ConnectTimeout); retrying next tick.
2026-09-07 14:37:49,435 WARNING alpaca | get_account: transient network error (ConnectTimeout); retry 1/2.
2026-09-07 14:37:55,045 WARNING alpaca | get_account: transient network error (ConnectTimeout); retry 2/2.
2026-09-07 14:37:58,953 WARNING alpaca | get_clock: transient network error (ConnectTimeout); retry 1/2.
2026-09-07 14:38:01,203 WARNING orchestrator | Watchdog tick skipped on a transient network error (ConnectTimeout); retrying next tick (41 in a row).
2026-09-07 14:38:01,207 CRITICAL orchestrator | Watchdog BLIND: 41 consecutive ticks failed (~1230s) — positions unwatched during market hours.
2026-09-07 14:38:01,225 WARNING notify | Alert email send failed (attempt 1/2): [Errno 8] nodename nor servname provided, or not known
2026-09-07 14:38:04,563 WARNING alpaca | get_clock: transient network error (ConnectTimeout); retry 2/2.
2026-09-07 14:38:06,380 WARNING notify | Alert email send failed (attempt 2/2): [Errno 8] nodename nor servname provided, or not known
2026-09-07 14:38:06,385 ERROR notify | ALERT not delivered (no working sink): Watchdog blind for 41 ticks (~1230s)
2026-09-07 14:38:10,706 WARNING orchestrator | Decision tick skipped on a transient network error (ConnectTimeout); retrying next tick.
2026-09-07 14:38:36,472 WARNING alpaca | get_account: transient network error (ConnectTimeout); retry 1/2.
2026-09-07 14:38:42,230 WARNING alpaca | get_account: transient network error (ConnectTimeout); retry 2/2.
2026-09-07 14:38:45,838 WARNING alpaca | get_clock: transient network error (ConnectTimeout); retry 1/2.
2026-09-07 14:38:48,392 WARNING orchestrator | Watchdog tick skipped on a transient network error (ConnectTimeout); retrying next tick (42 in a row).
2026-09-07 14:38:48,397 CRITICAL orchestrator | Watchdog BLIND: 42 consecutive ticks failed (~1260s) — positions unwatched during market hours.
2026-09-07 14:38:48,409 WARNING notify | Alert email send failed (attempt 1/2): [Errno 8] nodename nor servname provided, or not known
2026-09-07 14:38:51,507 WARNING alpaca | get_clock: transient network error (ConnectTimeout); retry 2/2.
2026-09-07 14:38:53,553 WARNING notify | Alert email send failed (attempt 2/2): [Errno 8] nodename nor servname provided, or not known
2026-09-07 14:38:53,558 ERROR notify | ALERT not delivered (no working sink): Watchdog blind for 42 ticks (~1260s)
2026-09-07 14:38:57,658 WARNING orchestrator | Decision tick skipped on a transient network error (ConnectTimeout); retrying next tick.
2026-09-07 14:39:23,649 WARNING alpaca | get_account: transient network error (ConnectTimeout); retry 1/2.
2026-09-07 14:39:29,317 WARNING alpaca | get_account: transient network error (ConnectTimeout); retry 2/2.
2026-09-07 14:39:32,807 WARNING alpaca | get_clock: transient network error (ConnectTimeout); retry 1/2.
2026-09-07 14:39:35,482 WARNING orchestrator | Watchdog tick skipped on a transient network error (ConnectTimeout); retrying next tick (43 in a row).
2026-09-07 14:39:35,487 CRITICAL orchestrator | Watchdog BLIND: 43 consecutive ticks failed (~1290s) — positions unwatched during market hours.
2026-09-07 14:39:35,531 WARNING notify | Alert email send failed (attempt 1/2): [Errno 8] nodename nor servname provided, or not known
2026-09-07 14:39:38,461 WARNING alpaca | get_clock: transient network error (ConnectTimeout); retry 2/2.
2026-09-07 14:39:40,610 WARNING notify | Alert email send failed (attempt 2/2): [Errno 8] nodename nor servname provided, or not known
2026-09-07 14:39:40,613 ERROR notify | ALERT not delivered (no working sink): Watchdog blind for 43 ticks (~1290s)
2026-09-07 14:39:44,624 WARNING orchestrator | Decision tick skipped on a transient network error (ConnectTimeout); retrying next tick.
2026-09-07 14:40:10,700 WARNING alpaca | get_account: transient network error (ConnectTimeout); retry 1/2.
2026-09-07 14:40:16,365 WARNING alpaca | get_account: transient network error (ConnectTimeout); retry 2/2.
2026-09-07 14:40:19,675 WARNING alpaca | get_clock: transient network error (ConnectTimeout); retry 1/2.
2026-09-07 14:40:22,500 WARNING orchestrator | Watchdog tick skipped on a transient network error (ConnectTimeout); retrying next tick (44 in a row).
2026-09-07 14:40:22,506 CRITICAL orchestrator | Watchdog BLIND: 44 consecutive ticks failed (~1320s) — positions unwatched during market hours.
2026-09-07 14:40:22,516 WARNING notify | Alert email send failed (attempt 1/2): [Errno 8] nodename nor servname provided, or not known
2026-09-07 14:40:25,328 WARNING alpaca | get_clock: transient network error (ConnectTimeout); retry 2/2.
2026-09-07 14:40:27,527 WARNING notify | Alert email send failed (attempt 2/2): [Errno 8] nodename nor servname provided, or not known
2026-09-07 14:40:27,531 ERROR notify | ALERT not delivered (no working sink): Watchdog blind for 44 ticks (~1320s)
2026-09-07 14:40:31,470 WARNING orchestrator | Decision tick skipped on a transient network error (ConnectTimeout); retrying next tick.
2026-09-07 14:40:57,690 WARNING alpaca | get_account: transient network error (ConnectTimeout); retry 1/2.
2026-09-07 14:41:03,362 WARNING alpaca | get_account: transient network error (ConnectTimeout); retry 2/2.
2026-09-07 14:41:06,506 WARNING alpaca | get_clock: transient network error (ConnectTimeout); retry 1/2.
2026-09-07 14:41:09,462 WARNING orchestrator | Watchdog tick skipped on a transient network error (ConnectTimeout); retrying next tick (45 in a row).
2026-09-07 14:41:09,467 CRITICAL orchestrator | Watchdog BLIND: 45 consecutive ticks failed (~1350s) — positions unwatched during market hours.
2026-09-07 14:41:09,488 WARNING notify | Alert email send failed (attempt 1/2): [Errno 8] nodename nor servname provided, or not known
2026-09-07 14:41:12,167 WARNING alpaca | get_clock: transient network error (ConnectTimeout); retry 2/2.
2026-09-07 14:41:14,595 WARNING notify | Alert email send failed (attempt 2/2): [Errno 8] nodename nor servname provided, or not known
2026-09-07 14:41:14,599 ERROR notify | ALERT not delivered (no working sink): Watchdog blind for 45 ticks (~1350s)
2026-09-07 14:41:18,293 WARNING orchestrator | Decision tick skipped on a transient network error (ConnectTimeout); retrying next tick.
2026-09-07 14:41:44,691 WARNING alpaca | get_account: transient network error (ConnectTimeout); retry 1/2.
2026-09-07 14:41:50,454 WARNING alpaca | get_account: transient network error (ConnectTimeout); retry 2/2.
2026-09-07 14:41:53,397 WARNING alpaca | get_clock: transient network error (ConnectTimeout); retry 1/2.
2026-09-07 14:41:56,601 WARNING orchestrator | Watchdog tick skipped on a transient network error (ConnectTimeout); retrying next tick (46 in a row).
2026-09-07 14:41:56,606 CRITICAL orchestrator | Watchdog BLIND: 46 consecutive ticks failed (~1380s) — positions unwatched during market hours.
2026-09-07 14:41:56,616 WARNING notify | Alert email send failed (attempt 1/2): [Errno 8] nodename nor servname provided, or not known
2026-09-07 14:41:59,063 WARNING alpaca | get_clock: transient network error (ConnectTimeout); retry 2/2.
2026-09-07 14:42:01,759 WARNING notify | Alert email send failed (attempt 2/2): [Errno 8] nodename nor servname provided, or not known
2026-09-07 14:42:01,764 ERROR notify | ALERT not delivered (no working sink): Watchdog blind for 46 ticks (~1380s)
2026-09-07 14:42:05,082 WARNING orchestrator | Decision tick skipped on a transient network error (ConnectTimeout); retrying next tick.
2026-09-07 14:42:31,871 WARNING alpaca | get_account: transient network error (ConnectTimeout); retry 1/2.
2026-09-07 14:42:37,538 WARNING alpaca | get_account: transient network error (ConnectTimeout); retry 2/2.
2026-09-07 14:42:40,222 WARNING alpaca | get_clock: transient network error (ConnectTimeout); retry 1/2.
2026-09-07 14:42:43,697 WARNING orchestrator | Watchdog tick skipped on a transient network error (ConnectTimeout); retrying next tick (47 in a row).
2026-09-07 14:42:43,702 CRITICAL orchestrator | Watchdog BLIND: 47 consecutive ticks failed (~1410s) — positions unwatched during market hours.
2026-09-07 14:42:43,720 WARNING notify | Alert email send failed (attempt 1/2): [Errno 8] nodename nor servname provided, or not known
2026-09-07 14:42:45,876 WARNING alpaca | get_clock: transient network error (ConnectTimeout); retry 2/2.
2026-09-07 14:42:48,861 WARNING notify | Alert email send failed (attempt 2/2): [Errno 8] nodename nor servname provided, or not known
2026-09-07 14:42:48,866 ERROR notify | ALERT not delivered (no working sink): Watchdog blind for 47 ticks (~1410s)
2026-09-07 14:42:51,981 WARNING orchestrator | Decision tick skipped on a transient network error (ConnectTimeout); retrying next tick.
2026-09-07 14:43:18,900 WARNING alpaca | get_account: transient network error (ConnectTimeout); retry 1/2.
2026-09-07 14:43:24,560 WARNING alpaca | get_account: transient network error (ConnectTimeout); retry 2/2.
2026-09-07 14:43:27,140 WARNING alpaca | get_clock: transient network error (ConnectTimeout); retry 1/2.
2026-09-07 14:43:30,712 WARNING orchestrator | Watchdog tick skipped on a transient network error (ConnectTimeout); retrying next tick (48 in a row).
2026-09-07 14:43:30,717 CRITICAL orchestrator | Watchdog BLIND: 48 consecutive ticks failed (~1440s) — positions unwatched during market hours.
2026-09-07 14:43:30,728 WARNING notify | Alert email send failed (attempt 1/2): [Errno 8] nodename nor servname provided, or not known
2026-09-07 14:43:32,766 WARNING alpaca | get_clock: transient network error (ConnectTimeout); retry 2/2.
2026-09-07 14:43:35,881 WARNING notify | Alert email send failed (attempt 2/2): [Errno 8] nodename nor servname provided, or not known
2026-09-07 14:43:35,886 ERROR notify | ALERT not delivered (no working sink): Watchdog blind for 48 ticks (~1440s)
2026-09-07 14:43:38,861 WARNING orchestrator | Decision tick skipped on a transient network error (ConnectTimeout); retrying next tick.
2026-09-07 14:44:05,922 WARNING alpaca | get_account: transient network error (ConnectTimeout); retry 1/2.
2026-09-07 14:44:11,509 WARNING alpaca | get_account: transient network error (ConnectTimeout); retry 2/2.
2026-09-07 14:44:14,003 WARNING alpaca | get_clock: transient network error (ConnectTimeout); retry 1/2.
2026-09-07 14:44:17,638 WARNING orchestrator | Watchdog tick skipped on a transient network error (ConnectTimeout); retrying next tick (49 in a row).
2026-09-07 14:44:17,643 CRITICAL orchestrator | Watchdog BLIND: 49 consecutive ticks failed (~1470s) — positions unwatched during market hours.
2026-09-07 14:44:17,666 WARNING notify | Alert email send failed (attempt 1/2): [Errno 8] nodename nor servname provided, or not known
2026-09-07 14:44:19,628 WARNING alpaca | get_clock: transient network error (ConnectTimeout); retry 2/2.
2026-09-07 14:44:22,821 WARNING notify | Alert email send failed (attempt 2/2): [Errno 8] nodename nor servname provided, or not known
2026-09-07 14:44:22,826 ERROR notify | ALERT not delivered (no working sink): Watchdog blind for 49 ticks (~1470s)
2026-09-07 14:44:25,788 WARNING orchestrator | Decision tick skipped on a transient network error (ConnectTimeout); retrying next tick.
2026-09-07 14:44:52,912 WARNING alpaca | get_account: transient network error (ConnectTimeout); retry 1/2.
2026-09-07 14:44:58,568 WARNING alpaca | get_account: transient network error (ConnectTimeout); retry 2/2.
2026-09-07 14:45:00,910 WARNING alpaca | get_clock: transient network error (ConnectTimeout); retry 1/2.
2026-09-07 14:45:04,729 WARNING orchestrator | Watchdog tick skipped on a transient network error (ConnectTimeout); retrying next tick (50 in a row).
2026-09-07 14:45:04,734 CRITICAL orchestrator | Watchdog BLIND: 50 consecutive ticks failed (~1500s) — positions unwatched during market hours.
2026-09-07 14:45:04,745 WARNING notify | Alert email send failed (attempt 1/2): [Errno 8] nodename nor servname provided, or not known
2026-09-07 14:45:06,572 WARNING alpaca | get_clock: transient network error (ConnectTimeout); retry 2/2.
2026-09-07 14:45:09,823 WARNING notify | Alert email send failed (attempt 2/2): [Errno 8] nodename nor servname provided, or not known
2026-09-07 14:45:09,826 ERROR notify | ALERT not delivered (no working sink): Watchdog blind for 50 ticks (~1500s)
2026-09-07 14:45:12,705 WARNING orchestrator | Decision tick skipped on a transient network error (ConnectTimeout); retrying next tick.
2026-09-07 14:45:39,960 WARNING alpaca | get_account: transient network error (ConnectTimeout); retry 1/2.
2026-09-07 14:45:45,638 WARNING alpaca | get_account: transient network error (ConnectTimeout); retry 2/2.
2026-09-07 14:45:47,835 WARNING alpaca | get_clock: transient network error (ConnectTimeout); retry 1/2.
2026-09-07 14:45:51,799 WARNING orchestrator | Watchdog tick skipped on a transient network error (ConnectTimeout); retrying next tick (51 in a row).
2026-09-07 14:45:51,802 CRITICAL orchestrator | Watchdog BLIND: 51 consecutive ticks failed (~1530s) — positions unwatched during market hours.
2026-09-07 14:45:51,863 WARNING notify | Alert email send failed (attempt 1/2): [Errno 8] nodename nor servname provided, or not known
2026-09-07 14:45:53,463 WARNING alpaca | get_clock: transient network error (ConnectTimeout); retry 2/2.
2026-09-07 14:45:57,019 WARNING notify | Alert email send failed (attempt 2/2): [Errno 8] nodename nor servname provided, or not known
2026-09-07 14:45:57,024 ERROR notify | ALERT not delivered (no working sink): Watchdog blind for 51 ticks (~1530s)
2026-09-07 14:45:59,582 WARNING orchestrator | Decision tick skipped on a transient network error (ConnectTimeout); retrying next tick.
2026-09-07 14:46:26,997 WARNING alpaca | get_account: transient network error (ConnectTimeout); retry 1/2.
2026-09-07 14:46:32,586 WARNING alpaca | get_account: transient network error (ConnectTimeout); retry 2/2.
2026-09-07 14:46:34,746 WARNING alpaca | get_clock: transient network error (ConnectTimeout); retry 1/2.
2026-09-07 14:46:38,729 WARNING orchestrator | Watchdog tick skipped on a transient network error (ConnectTimeout); retrying next tick (52 in a row).
2026-09-07 14:46:38,732 CRITICAL orchestrator | Watchdog BLIND: 52 consecutive ticks failed (~1560s) — positions unwatched during market hours.
2026-09-07 14:46:38,738 WARNING notify | Alert email send failed (attempt 1/2): [Errno 8] nodename nor servname provided, or not known
2026-09-07 14:46:40,394 WARNING alpaca | get_clock: transient network error (ConnectTimeout); retry 2/2.
2026-09-07 14:46:43,882 WARNING notify | Alert email send failed (attempt 2/2): [Errno 8] nodename nor servname provided, or not known
2026-09-07 14:46:43,887 ERROR notify | ALERT not delivered (no working sink): Watchdog blind for 52 ticks (~1560s)
2026-09-07 14:46:46,559 WARNING orchestrator | Decision tick skipped on a transient network error (ConnectTimeout); retrying next tick.
2026-09-07 14:47:13,937 WARNING alpaca | get_account: transient network error (ConnectTimeout); retry 1/2.
2026-09-07 14:47:19,594 WARNING alpaca | get_account: transient network error (ConnectTimeout); retry 2/2.
2026-09-07 14:47:21,713 WARNING alpaca | get_clock: transient network error (ConnectTimeout); retry 1/2.
2026-09-07 14:47:25,759 WARNING orchestrator | Watchdog tick skipped on a transient network error (ConnectTimeout); retrying next tick (53 in a row).
2026-09-07 14:47:25,764 CRITICAL orchestrator | Watchdog BLIND: 53 consecutive ticks failed (~1590s) — positions unwatched during market hours.
2026-09-07 14:47:25,787 WARNING notify | Alert email send failed (attempt 1/2): [Errno 8] nodename nor servname provided, or not known
2026-09-07 14:47:27,373 WARNING alpaca | get_clock: transient network error (ConnectTimeout); retry 2/2.
2026-09-07 14:47:30,922 WARNING notify | Alert email send failed (attempt 2/2): [Errno 8] nodename nor servname provided, or not known
2026-09-07 14:47:30,927 ERROR notify | ALERT not delivered (no working sink): Watchdog blind for 53 ticks (~1590s)
2026-09-07 14:47:33,535 WARNING orchestrator | Decision tick skipped on a transient network error (ConnectTimeout); retrying next tick.
2026-09-07 14:48:00,966 WARNING alpaca | get_account: transient network error (ConnectTimeout); retry 1/2.
2026-09-07 14:48:06,621 WARNING alpaca | get_account: transient network error (ConnectTimeout); retry 2/2.
2026-09-07 14:48:08,697 WARNING alpaca | get_clock: transient network error (ConnectTimeout); retry 1/2.
2026-09-07 14:48:12,786 WARNING orchestrator | Watchdog tick skipped on a transient network error (ConnectTimeout); retrying next tick (54 in a row).
2026-09-07 14:48:12,791 CRITICAL orchestrator | Watchdog BLIND: 54 consecutive ticks failed (~1620s) — positions unwatched during market hours.
2026-09-07 14:48:12,801 WARNING notify | Alert email send failed (attempt 1/2): [Errno 8] nodename nor servname provided, or not known
2026-09-07 14:48:14,324 WARNING alpaca | get_clock: transient network error (ConnectTimeout); retry 2/2.
2026-09-07 14:48:17,929 WARNING notify | Alert email send failed (attempt 2/2): [Errno 8] nodename nor servname provided, or not known
2026-09-07 14:48:17,934 ERROR notify | ALERT not delivered (no working sink): Watchdog blind for 54 ticks (~1620s)
2026-09-07 14:48:20,358 WARNING orchestrator | Decision tick skipped on a transient network error (ConnectTimeout); retrying next tick.
2026-09-07 14:48:48,007 WARNING alpaca | get_account: transient network error (ConnectTimeout); retry 1/2.
2026-09-07 14:48:53,655 WARNING alpaca | get_account: transient network error (ConnectTimeout); retry 2/2.
2026-09-07 14:48:55,463 WARNING alpaca | get_clock: transient network error (ConnectTimeout); retry 1/2.
2026-09-07 14:48:59,675 WARNING orchestrator | Watchdog tick skipped on a transient network error (ConnectTimeout); retrying next tick (55 in a row).
2026-09-07 14:48:59,678 CRITICAL orchestrator | Watchdog BLIND: 55 consecutive ticks failed (~1650s) — positions unwatched during market hours.
2026-09-07 14:48:59,696 WARNING notify | Alert email send failed (attempt 1/2): [Errno 8] nodename nor servname provided, or not known
2026-09-07 14:49:01,113 WARNING alpaca | get_clock: transient network error (ConnectTimeout); retry 2/2.
2026-09-07 14:49:04,840 WARNING notify | Alert email send failed (attempt 2/2): [Errno 8] nodename nor servname provided, or not known
2026-09-07 14:49:04,843 ERROR notify | ALERT not delivered (no working sink): Watchdog blind for 55 ticks (~1650s)
2026-09-07 14:49:07,271 WARNING orchestrator | Decision tick skipped on a transient network error (ConnectTimeout); retrying next tick.
2026-09-07 14:49:34,976 WARNING alpaca | get_account: transient network error (ConnectTimeout); retry 1/2.
2026-09-07 14:49:40,520 WARNING alpaca | get_account: transient network error (ConnectTimeout); retry 2/2.
2026-09-07 14:49:42,437 WARNING alpaca | get_clock: transient network error (ConnectTimeout); retry 1/2.
2026-09-07 14:49:46,678 WARNING orchestrator | Watchdog tick skipped on a transient network error (ConnectTimeout); retrying next tick (56 in a row).
2026-09-07 14:49:46,682 CRITICAL orchestrator | Watchdog BLIND: 56 consecutive ticks failed (~1680s) — positions unwatched during market hours.
2026-09-07 14:49:46,692 WARNING notify | Alert email send failed (attempt 1/2): [Errno 8] nodename nor servname provided, or not known
2026-09-07 14:49:48,105 WARNING alpaca | get_clock: transient network error (ConnectTimeout); retry 2/2.
2026-09-07 14:49:51,841 WARNING notify | Alert email send failed (attempt 2/2): [Errno 8] nodename nor servname provided, or not known
2026-09-07 14:49:51,846 ERROR notify | ALERT not delivered (no working sink): Watchdog blind for 56 ticks (~1680s)
2026-09-07 14:49:54,221 WARNING orchestrator | Decision tick skipped on a transient network error (ConnectTimeout); retrying next tick.
2026-09-07 14:50:21,906 WARNING alpaca | get_account: transient network error (ConnectTimeout); retry 1/2.
2026-09-07 14:50:27,582 WARNING alpaca | get_account: transient network error (ConnectTimeout); retry 2/2.
2026-09-07 14:50:29,314 WARNING alpaca | get_clock: transient network error (ConnectTimeout); retry 1/2.
2026-09-07 14:50:33,719 WARNING orchestrator | Watchdog tick skipped on a transient network error (ConnectTimeout); retrying next tick (57 in a row).
2026-09-07 14:50:33,724 CRITICAL orchestrator | Watchdog BLIND: 57 consecutive ticks failed (~1710s) — positions unwatched during market hours.
2026-09-07 14:50:33,774 WARNING notify | Alert email send failed (attempt 1/2): [Errno 8] nodename nor servname provided, or not known
2026-09-07 14:50:34,944 WARNING alpaca | get_clock: transient network error (ConnectTimeout); retry 2/2.
2026-09-07 14:50:38,904 WARNING notify | Alert email send failed (attempt 2/2): [Errno 8] nodename nor servname provided, or not known
2026-09-07 14:50:38,911 ERROR notify | ALERT not delivered (no working sink): Watchdog blind for 57 ticks (~1710s)
2026-09-07 14:50:41,109 WARNING orchestrator | Decision tick skipped on a transient network error (ConnectTimeout); retrying next tick.
2026-09-07 14:51:08,880 WARNING alpaca | get_account: transient network error (ConnectTimeout); retry 1/2.
2026-09-07 14:51:14,587 WARNING alpaca | get_account: transient network error (ConnectTimeout); retry 2/2.
2026-09-07 14:51:16,266 WARNING alpaca | get_clock: transient network error (ConnectTimeout); retry 1/2.
2026-09-07 14:51:20,752 WARNING orchestrator | Watchdog tick skipped on a transient network error (ConnectTimeout); retrying next tick (58 in a row).
2026-09-07 14:51:20,757 CRITICAL orchestrator | Watchdog BLIND: 58 consecutive ticks failed (~1740s) — positions unwatched during market hours.
2026-09-07 14:51:20,767 WARNING notify | Alert email send failed (attempt 1/2): [Errno 8] nodename nor servname provided, or not known
2026-09-07 14:51:21,915 WARNING alpaca | get_clock: transient network error (ConnectTimeout); retry 2/2.
2026-09-07 14:51:25,895 WARNING notify | Alert email send failed (attempt 2/2): [Errno 8] nodename nor servname provided, or not known
2026-09-07 14:51:25,899 ERROR notify | ALERT not delivered (no working sink): Watchdog blind for 58 ticks (~1740s)
2026-09-07 14:51:28,075 WARNING orchestrator | Decision tick skipped on a transient network error (ConnectTimeout); retrying next tick.
2026-09-07 14:51:56,006 WARNING alpaca | get_account: transient network error (ConnectTimeout); retry 1/2.
2026-09-07 14:52:01,769 WARNING alpaca | get_account: transient network error (ConnectTimeout); retry 2/2.
2026-09-07 14:52:03,232 WARNING alpaca | get_clock: transient network error (ConnectTimeout); retry 1/2.
2026-09-07 14:52:07,893 WARNING orchestrator | Watchdog tick skipped on a transient network error (ConnectTimeout); retrying next tick (59 in a row).
2026-09-07 14:52:07,896 CRITICAL orchestrator | Watchdog BLIND: 59 consecutive ticks failed (~1770s) — positions unwatched during market hours.
2026-09-07 14:52:07,914 WARNING notify | Alert email send failed (attempt 1/2): [Errno 8] nodename nor servname provided, or not known
2026-09-07 14:52:08,892 WARNING alpaca | get_clock: transient network error (ConnectTimeout); retry 2/2.
2026-09-07 14:52:13,075 WARNING notify | Alert email send failed (attempt 2/2): [Errno 8] nodename nor servname provided, or not known
2026-09-07 14:52:13,080 ERROR notify | ALERT not delivered (no working sink): Watchdog blind for 59 ticks (~1770s)
2026-09-07 14:52:15,046 WARNING orchestrator | Decision tick skipped on a transient network error (ConnectTimeout); retrying next tick.
2026-09-07 14:52:43,078 WARNING alpaca | get_account: transient network error (ConnectTimeout); retry 1/2.
2026-09-07 14:52:48,745 WARNING alpaca | get_account: transient network error (ConnectTimeout); retry 2/2.
2026-09-07 14:52:50,188 WARNING alpaca | get_clock: transient network error (ConnectTimeout); retry 1/2.
2026-09-07 14:52:54,902 WARNING orchestrator | Watchdog tick skipped on a transient network error (ConnectTimeout); retrying next tick (60 in a row).
2026-09-07 14:52:54,906 CRITICAL orchestrator | Watchdog BLIND: 60 consecutive ticks failed (~1800s) — positions unwatched during market hours.
2026-09-07 14:52:54,914 WARNING notify | Alert email send failed (attempt 1/2): [Errno 8] nodename nor servname provided, or not known
2026-09-07 14:52:55,851 WARNING alpaca | get_clock: transient network error (ConnectTimeout); retry 2/2.
2026-09-07 14:53:00,070 WARNING notify | Alert email send failed (attempt 2/2): [Errno 8] nodename nor servname provided, or not known
2026-09-07 14:53:00,074 ERROR notify | ALERT not delivered (no working sink): Watchdog blind for 60 ticks (~1800s)
2026-09-07 14:53:02,004 WARNING orchestrator | Decision tick skipped on a transient network error (ConnectTimeout); retrying next tick.
2026-09-07 14:53:30,108 WARNING alpaca | get_account: transient network error (ConnectTimeout); retry 1/2.
2026-09-07 14:53:35,778 WARNING alpaca | get_account: transient network error (ConnectTimeout); retry 2/2.
2026-09-07 14:53:37,158 WARNING alpaca | get_clock: transient network error (ConnectTimeout); retry 1/2.
2026-09-07 14:53:41,936 WARNING orchestrator | Watchdog tick skipped on a transient network error (ConnectTimeout); retrying next tick (61 in a row).
2026-09-07 14:53:41,940 CRITICAL orchestrator | Watchdog BLIND: 61 consecutive ticks failed (~1830s) — positions unwatched during market hours.
2026-09-07 14:53:41,959 WARNING notify | Alert email send failed (attempt 1/2): [Errno 8] nodename nor servname provided, or not known
2026-09-07 14:53:42,776 WARNING alpaca | get_clock: transient network error (ConnectTimeout); retry 2/2.
2026-09-07 14:53:47,096 WARNING notify | Alert email send failed (attempt 2/2): [Errno 8] nodename nor servname provided, or not known
2026-09-07 14:53:47,101 ERROR notify | ALERT not delivered (no working sink): Watchdog blind for 61 ticks (~1830s)
2026-09-07 14:53:48,935 WARNING orchestrator | Decision tick skipped on a transient network error (ConnectTimeout); retrying next tick.
2026-09-07 14:54:17,135 WARNING alpaca | get_account: transient network error (ConnectTimeout); retry 1/2.
2026-09-07 14:54:22,804 WARNING alpaca | get_account: transient network error (ConnectTimeout); retry 2/2.
2026-09-07 14:54:24,088 WARNING alpaca | get_clock: transient network error (ConnectTimeout); retry 1/2.
2026-09-07 14:54:28,960 WARNING orchestrator | Watchdog tick skipped on a transient network error (ConnectTimeout); retrying next tick (62 in a row).
2026-09-07 14:54:28,965 CRITICAL orchestrator | Watchdog BLIND: 62 consecutive ticks failed (~1860s) — positions unwatched during market hours.
2026-09-07 14:54:28,974 WARNING notify | Alert email send failed (attempt 1/2): [Errno 8] nodename nor servname provided, or not known
2026-09-07 14:54:29,750 WARNING alpaca | get_clock: transient network error (ConnectTimeout); retry 2/2.
2026-09-07 14:54:34,069 WARNING notify | Alert email send failed (attempt 2/2): [Errno 8] nodename nor servname provided, or not known
2026-09-07 14:54:34,073 ERROR notify | ALERT not delivered (no working sink): Watchdog blind for 62 ticks (~1860s)
2026-09-07 14:54:35,907 WARNING orchestrator | Decision tick skipped on a transient network error (ConnectTimeout); retrying next tick.
2026-09-07 14:55:04,225 WARNING alpaca | get_account: transient network error (ConnectTimeout); retry 1/2.
2026-09-07 14:55:09,895 WARNING alpaca | get_account: transient network error (ConnectTimeout); retry 2/2.
2026-09-07 14:55:11,055 WARNING alpaca | get_clock: transient network error (ConnectTimeout); retry 1/2.
2026-09-07 14:55:16,028 WARNING orchestrator | Watchdog tick skipped on a transient network error (ConnectTimeout); retrying next tick (63 in a row).
2026-09-07 14:55:16,032 CRITICAL orchestrator | Watchdog BLIND: 63 consecutive ticks failed (~1890s) — positions unwatched during market hours.
2026-09-07 14:55:16,048 WARNING notify | Alert email send failed (attempt 1/2): [Errno 8] nodename nor servname provided, or not known
2026-09-07 14:55:16,724 WARNING alpaca | get_clock: transient network error (ConnectTimeout); retry 2/2.
2026-09-07 14:55:21,196 WARNING notify | Alert email send failed (attempt 2/2): [Errno 8] nodename nor servname provided, or not known
2026-09-07 14:55:21,200 ERROR notify | ALERT not delivered (no working sink): Watchdog blind for 63 ticks (~1890s)
2026-09-07 14:55:22,887 WARNING orchestrator | Decision tick skipped on a transient network error (ConnectTimeout); retrying next tick.
2026-09-07 14:55:51,241 WARNING alpaca | get_account: transient network error (ConnectTimeout); retry 1/2.
2026-09-07 14:55:56,918 WARNING alpaca | get_account: transient network error (ConnectTimeout); retry 2/2.
2026-09-07 14:55:58,051 WARNING alpaca | get_clock: transient network error (ConnectTimeout); retry 1/2.
2026-09-07 14:56:02,971 WARNING orchestrator | Watchdog tick skipped on a transient network error (ConnectTimeout); retrying next tick (64 in a row).
2026-09-07 14:56:02,974 CRITICAL orchestrator | Watchdog BLIND: 64 consecutive ticks failed (~1920s) — positions unwatched during market hours.
2026-09-07 14:56:02,981 WARNING notify | Alert email send failed (attempt 1/2): [Errno 8] nodename nor servname provided, or not known
2026-09-07 14:56:03,692 WARNING alpaca | get_clock: transient network error (ConnectTimeout); retry 2/2.
2026-09-07 14:56:08,134 WARNING notify | Alert email send failed (attempt 2/2): [Errno 8] nodename nor servname provided, or not known
2026-09-07 14:56:08,138 ERROR notify | ALERT not delivered (no working sink): Watchdog blind for 64 ticks (~1920s)
2026-09-07 14:56:09,840 WARNING orchestrator | Decision tick skipped on a transient network error (ConnectTimeout); retrying next tick.
2026-09-07 14:56:38,173 WARNING alpaca | get_account: transient network error (ConnectTimeout); retry 1/2.
2026-09-07 14:56:43,840 WARNING alpaca | get_account: transient network error (ConnectTimeout); retry 2/2.
2026-09-07 14:56:45,005 WARNING alpaca | get_clock: transient network error (ConnectTimeout); retry 1/2.
2026-09-07 14:56:50,004 WARNING orchestrator | Watchdog tick skipped on a transient network error (ConnectTimeout); retrying next tick (65 in a row).
2026-09-07 14:56:50,011 CRITICAL orchestrator | Watchdog BLIND: 65 consecutive ticks failed (~1950s) — positions unwatched during market hours.
2026-09-07 14:56:50,032 WARNING notify | Alert email send failed (attempt 1/2): [Errno 8] nodename nor servname provided, or not known
2026-09-07 14:56:50,662 WARNING alpaca | get_clock: transient network error (ConnectTimeout); retry 2/2.
2026-09-07 14:56:55,104 WARNING notify | Alert email send failed (attempt 2/2): [Errno 8] nodename nor servname provided, or not known
2026-09-07 14:56:55,109 ERROR notify | ALERT not delivered (no working sink): Watchdog blind for 65 ticks (~1950s)
2026-09-07 14:56:56,817 WARNING orchestrator | Decision tick skipped on a transient network error (ConnectTimeout); retrying next tick.
2026-09-07 14:57:25,262 WARNING alpaca | get_account: transient network error (ConnectTimeout); retry 1/2.
2026-09-07 14:57:30,922 WARNING alpaca | get_account: transient network error (ConnectTimeout); retry 2/2.
2026-09-07 14:57:31,985 WARNING alpaca | get_clock: transient network error (ConnectTimeout); retry 1/2.
2026-09-07 14:57:37,071 WARNING orchestrator | Watchdog tick skipped on a transient network error (ConnectTimeout); retrying next tick (66 in a row).
2026-09-07 14:57:37,074 CRITICAL orchestrator | Watchdog BLIND: 66 consecutive ticks failed (~1980s) — positions unwatched during market hours.
2026-09-07 14:57:37,085 WARNING notify | Alert email send failed (attempt 1/2): [Errno 8] nodename nor servname provided, or not known
2026-09-07 14:57:37,625 WARNING alpaca | get_clock: transient network error (ConnectTimeout); retry 2/2.
2026-09-07 14:57:42,243 WARNING notify | Alert email send failed (attempt 2/2): [Errno 8] nodename nor servname provided, or not known
2026-09-07 14:57:42,247 ERROR notify | ALERT not delivered (no working sink): Watchdog blind for 66 ticks (~1980s)
2026-09-07 14:57:43,745 WARNING orchestrator | Decision tick skipped on a transient network error (ConnectTimeout); retrying next tick.
2026-09-07 14:58:12,273 WARNING alpaca | get_account: transient network error (ConnectTimeout); retry 1/2.
2026-09-07 14:58:18,961 WARNING alpaca | get_account: transient network error (ConnectTimeout); retry 2/2.
2026-09-07 14:58:18,966 WARNING alpaca | get_clock: transient network error (ConnectTimeout); retry 1/2.
2026-09-07 14:58:24,497 WARNING alpaca | get_clock: transient network error (ConnectTimeout); retry 2/2.
2026-09-07 14:58:25,077 WARNING orchestrator | Watchdog tick skipped on a transient network error (ConnectTimeout); retrying next tick (67 in a row).
2026-09-07 14:58:25,082 CRITICAL orchestrator | Watchdog BLIND: 67 consecutive ticks failed (~2010s) — positions unwatched during market hours.
2026-09-07 14:58:25,104 WARNING notify | Alert email send failed (attempt 1/2): [Errno 8] nodename nor servname provided, or not known
2026-09-07 14:58:30,261 WARNING notify | Alert email send failed (attempt 2/2): [Errno 8] nodename nor servname provided, or not known
2026-09-07 14:58:30,266 ERROR notify | ALERT not delivered (no working sink): Watchdog blind for 67 ticks (~2010s)
2026-09-07 14:58:30,658 WARNING orchestrator | Decision tick skipped on a transient network error (ConnectTimeout); retrying next tick.
2026-09-07 14:59:01,276 WARNING alpaca | get_account: transient network error (ConnectTimeout); retry 1/2.
2026-09-07 14:59:05,824 WARNING alpaca | get_clock: transient network error (ConnectTimeout); retry 1/2.
2026-09-07 14:59:06,918 WARNING alpaca | get_account: transient network error (ConnectTimeout); retry 2/2.
2026-09-07 14:59:11,462 WARNING alpaca | get_clock: transient network error (ConnectTimeout); retry 2/2.
2026-09-07 14:59:13,066 WARNING orchestrator | Watchdog tick skipped on a transient network error (ConnectTimeout); retrying next tick (68 in a row).
2026-09-07 14:59:13,069 CRITICAL orchestrator | Watchdog BLIND: 68 consecutive ticks failed (~2040s) — positions unwatched during market hours.
2026-09-07 14:59:13,078 WARNING notify | Alert email send failed (attempt 1/2): [Errno 8] nodename nor servname provided, or not known
2026-09-07 14:59:17,597 WARNING orchestrator | Decision tick skipped on a transient network error (ConnectTimeout); retrying next tick.
2026-09-07 14:59:18,211 WARNING notify | Alert email send failed (attempt 2/2): [Errno 8] nodename nor servname provided, or not known
2026-09-07 14:59:18,216 ERROR notify | ALERT not delivered (no working sink): Watchdog blind for 68 ticks (~2040s)
2026-09-07 15:00:12,961 WARNING alpaca | get_clock: transient network error (ConnectionError); retry 1/2.
2026-09-07 15:00:12,973 WARNING alpaca | get_account: transient network error (ConnectionError); retry 1/2.
2026-09-07 15:00:13,593 WARNING alpaca | get_account: transient network error (ConnectionError); retry 2/2.
2026-09-07 15:00:13,605 WARNING alpaca | get_clock: transient network error (ConnectionError); retry 2/2.
2026-09-07 15:00:14,714 WARNING orchestrator | Watchdog tick skipped on a transient network error (ConnectionError); retrying next tick (69 in a row).
2026-09-07 15:00:14,716 CRITICAL orchestrator | Watchdog BLIND: 69 consecutive ticks failed (~2070s) — positions unwatched during market hours.
2026-09-07 15:00:14,735 WARNING notify | Alert email send failed (attempt 1/2): [Errno 8] nodename nor servname provided, or not known
2026-09-07 15:00:14,744 WARNING orchestrator | Decision tick skipped on a transient network error (ConnectionError); retrying next tick.
2026-09-07 15:00:19,864 WARNING notify | Alert email send failed (attempt 2/2): [Errno 8] nodename nor servname provided, or not known
2026-09-07 15:00:19,898 ERROR notify | ALERT not delivered (no working sink): Watchdog blind for 69 ticks (~2070s)
2026-09-07 15:00:44,801 WARNING alpaca | get_clock: transient network error (ConnectionError); retry 1/2.
2026-09-07 15:00:44,878 WARNING alpaca | get_account: transient network error (ConnectionError); retry 1/2.
2026-09-07 15:00:45,465 WARNING alpaca | get_clock: transient network error (ConnectionError); retry 2/2.
2026-09-07 15:00:45,514 WARNING alpaca | get_account: transient network error (ConnectionError); retry 2/2.
2026-09-07 15:00:46,629 WARNING orchestrator | Decision tick skipped on a transient network error (ConnectionError); retrying next tick.
2026-09-07 15:00:46,663 WARNING orchestrator | Watchdog tick skipped on a transient network error (ConnectionError); retrying next tick (70 in a row).
2026-09-07 15:00:46,666 CRITICAL orchestrator | Watchdog BLIND: 70 consecutive ticks failed (~2100s) — positions unwatched during market hours.
2026-09-07 15:00:46,676 WARNING notify | Alert email send failed (attempt 1/2): [Errno 8] nodename nor servname provided, or not known
2026-09-07 15:00:51,787 WARNING notify | Alert email send failed (attempt 2/2): [Errno 8] nodename nor servname provided, or not known
2026-09-07 15:00:51,816 ERROR notify | ALERT not delivered (no working sink): Watchdog blind for 70 ticks (~2100s)
2026-09-07 15:01:16,797 WARNING alpaca | get_clock: transient network error (ConnectionError); retry 1/2.
2026-09-07 15:01:16,855 WARNING alpaca | get_account: transient network error (ConnectionError); retry 1/2.
2026-09-07 15:01:17,461 WARNING alpaca | get_clock: transient network error (ConnectionError); retry 2/2.
2026-09-07 15:01:17,515 WARNING alpaca | get_account: transient network error (ConnectionError); retry 2/2.
2026-09-07 15:01:18,580 WARNING orchestrator | Decision tick skipped on a transient network error (ConnectionError); retrying next tick.
2026-09-07 15:01:18,614 WARNING orchestrator | Watchdog tick skipped on a transient network error (ConnectionError); retrying next tick (71 in a row).
2026-09-07 15:01:18,616 CRITICAL orchestrator | Watchdog BLIND: 71 consecutive ticks failed (~2130s) — positions unwatched during market hours.
2026-09-07 15:01:18,623 WARNING notify | Alert email send failed (attempt 1/2): [Errno 8] nodename nor servname provided, or not known
2026-09-07 15:01:23,760 WARNING notify | Alert email send failed (attempt 2/2): [Errno 8] nodename nor servname provided, or not known
2026-09-07 15:01:23,766 ERROR notify | ALERT not delivered (no working sink): Watchdog blind for 71 ticks (~2130s)
2026-09-07 15:01:48,780 WARNING alpaca | get_clock: transient network error (ConnectionError); retry 1/2.
2026-09-07 15:01:48,814 WARNING alpaca | get_account: transient network error (ConnectionError); retry 1/2.
2026-09-07 15:01:49,431 WARNING alpaca | get_account: transient network error (ConnectionError); retry 2/2.
2026-09-07 15:01:49,435 WARNING alpaca | get_clock: transient network error (ConnectionError); retry 2/2.
2026-09-07 15:01:50,550 WARNING orchestrator | Decision tick skipped on a transient network error (ConnectionError); retrying next tick.
2026-09-07 15:01:50,565 WARNING orchestrator | Watchdog tick skipped on a transient network error (ConnectionError); retrying next tick (72 in a row).
2026-09-07 15:01:50,568 CRITICAL orchestrator | Watchdog BLIND: 72 consecutive ticks failed (~2160s) — positions unwatched during market hours.
2026-09-07 15:01:50,587 WARNING notify | Alert email send failed (attempt 1/2): [Errno 8] nodename nor servname provided, or not known
2026-09-07 15:01:55,720 WARNING notify | Alert email send failed (attempt 2/2): [Errno 8] nodename nor servname provided, or not known
2026-09-07 15:01:55,725 ERROR notify | ALERT not delivered (no working sink): Watchdog blind for 72 ticks (~2160s)
2026-09-07 15:02:20,706 WARNING alpaca | get_clock: transient network error (ConnectionError); retry 1/2.
2026-09-07 15:02:20,768 WARNING alpaca | get_account: transient network error (ConnectionError); retry 1/2.
2026-09-07 15:02:21,306 WARNING alpaca | get_account: transient network error (ConnectionError); retry 2/2.
2026-09-07 15:02:21,354 WARNING alpaca | get_clock: transient network error (ConnectionError); retry 2/2.
2026-09-07 15:02:22,460 WARNING orchestrator | Watchdog tick skipped on a transient network error (ConnectionError); retrying next tick (73 in a row).
2026-09-07 15:02:22,464 CRITICAL orchestrator | Watchdog BLIND: 73 consecutive ticks failed (~2190s) — positions unwatched during market hours.
2026-09-07 15:02:22,473 WARNING notify | Alert email send failed (attempt 1/2): [Errno 8] nodename nor servname provided, or not known
2026-09-07 15:02:22,489 WARNING orchestrator | Decision tick skipped on a transient network error (ConnectionError); retrying next tick.
2026-09-07 15:02:27,488 WARNING notify | Alert email send failed (attempt 2/2): [Errno 8] nodename nor servname provided, or not known
2026-09-07 15:02:27,493 ERROR notify | ALERT not delivered (no working sink): Watchdog blind for 73 ticks (~2190s)
2026-09-07 15:02:52,656 WARNING alpaca | get_account: transient network error (ConnectionError); retry 1/2.
2026-09-07 15:02:52,660 WARNING alpaca | get_clock: transient network error (ConnectionError); retry 1/2.
2026-09-07 15:02:53,224 WARNING alpaca | get_clock: transient network error (ConnectionError); retry 2/2.
2026-09-07 15:02:53,314 WARNING alpaca | get_account: transient network error (ConnectionError); retry 2/2.
2026-09-07 15:02:54,367 WARNING orchestrator | Decision tick skipped on a transient network error (ConnectionError); retrying next tick.
2026-09-07 15:02:54,445 WARNING orchestrator | Watchdog tick skipped on a transient network error (ConnectionError); retrying next tick (74 in a row).
2026-09-07 15:02:54,449 CRITICAL orchestrator | Watchdog BLIND: 74 consecutive ticks failed (~2220s) — positions unwatched during market hours.
2026-09-07 15:02:54,460 WARNING notify | Alert email send failed (attempt 1/2): [Errno 8] nodename nor servname provided, or not known
2026-09-07 15:02:59,587 WARNING notify | Alert email send failed (attempt 2/2): [Errno 8] nodename nor servname provided, or not known
2026-09-07 15:02:59,591 ERROR notify | ALERT not delivered (no working sink): Watchdog blind for 74 ticks (~2220s)
2026-09-07 15:03:24,631 WARNING alpaca | get_clock: transient network error (ConnectionError); retry 1/2.
2026-09-07 15:03:24,645 WARNING alpaca | get_account: transient network error (ConnectionError); retry 1/2.
2026-09-07 15:03:25,289 WARNING alpaca | get_clock: transient network error (ConnectionError); retry 2/2.
2026-09-07 15:03:25,290 WARNING alpaca | get_account: transient network error (ConnectionError); retry 2/2.
2026-09-07 15:03:26,325 WARNING orchestrator | Decision tick skipped on a transient network error (ConnectionError); retrying next tick.
2026-09-07 15:03:26,450 WARNING orchestrator | Watchdog tick skipped on a transient network error (ConnectionError); retrying next tick (75 in a row).
2026-09-07 15:03:26,456 CRITICAL orchestrator | Watchdog BLIND: 75 consecutive ticks failed (~2250s) — positions unwatched during market hours.
2026-09-07 15:03:26,473 WARNING notify | Alert email send failed (attempt 1/2): [Errno 8] nodename nor servname provided, or not known
2026-09-07 15:03:31,624 WARNING notify | Alert email send failed (attempt 2/2): [Errno 8] nodename nor servname provided, or not known
2026-09-07 15:03:31,629 ERROR notify | ALERT not delivered (no working sink): Watchdog blind for 75 ticks (~2250s)
2026-09-07 15:03:56,391 WARNING alpaca | get_clock: transient network error (ConnectionError); retry 1/2.
2026-09-07 15:03:56,650 WARNING alpaca | get_account: transient network error (ConnectionError); retry 1/2.
2026-09-07 15:03:57,030 WARNING alpaca | get_clock: transient network error (ConnectionError); retry 2/2.
2026-09-07 15:03:57,166 WARNING alpaca | get_account: transient network error (ConnectionError); retry 2/2.
2026-09-07 15:03:58,170 WARNING orchestrator | Decision tick skipped on a transient network error (ConnectionError); retrying next tick.
2026-09-07 15:03:58,320 WARNING orchestrator | Watchdog tick skipped on a transient network error (ConnectionError); retrying next tick (76 in a row).
2026-09-07 15:03:58,324 CRITICAL orchestrator | Watchdog BLIND: 76 consecutive ticks failed (~2280s) — positions unwatched during market hours.
2026-09-07 15:03:58,333 WARNING notify | Alert email send failed (attempt 1/2): [Errno 8] nodename nor servname provided, or not known
2026-09-07 15:04:03,476 WARNING notify | Alert email send failed (attempt 2/2): [Errno 8] nodename nor servname provided, or not known
2026-09-07 15:04:03,479 ERROR notify | ALERT not delivered (no working sink): Watchdog blind for 76 ticks (~2280s)
2026-09-07 15:04:28,332 WARNING alpaca | get_clock: transient network error (ConnectionError); retry 1/2.
2026-09-07 15:04:28,508 WARNING alpaca | get_account: transient network error (ConnectionError); retry 1/2.
2026-09-07 15:04:28,988 WARNING alpaca | get_clock: transient network error (ConnectionError); retry 2/2.
2026-09-07 15:04:29,067 WARNING alpaca | get_account: transient network error (ConnectionError); retry 2/2.
2026-09-07 15:04:30,134 WARNING orchestrator | Decision tick skipped on a transient network error (ConnectionError); retrying next tick.
2026-09-07 15:04:30,193 WARNING orchestrator | Watchdog tick skipped on a transient network error (ConnectionError); retrying next tick (77 in a row).
2026-09-07 15:04:30,196 CRITICAL orchestrator | Watchdog BLIND: 77 consecutive ticks failed (~2310s) — positions unwatched during market hours.
2026-09-07 15:04:30,205 WARNING notify | Alert email send failed (attempt 1/2): [Errno 8] nodename nor servname provided, or not known
2026-09-07 15:04:35,359 WARNING notify | Alert email send failed (attempt 2/2): [Errno 8] nodename nor servname provided, or not known
2026-09-07 15:04:35,363 ERROR notify | ALERT not delivered (no working sink): Watchdog blind for 77 ticks (~2310s)
2026-09-07 15:05:00,290 WARNING alpaca | get_clock: transient network error (ConnectionError); retry 1/2.
2026-09-07 15:05:00,390 WARNING alpaca | get_account: transient network error (ConnectionError); retry 1/2.
2026-09-07 15:05:00,930 WARNING alpaca | get_clock: transient network error (ConnectionError); retry 2/2.
2026-09-07 15:05:01,047 WARNING alpaca | get_account: transient network error (ConnectionError); retry 2/2.
2026-09-07 15:05:02,091 WARNING orchestrator | Decision tick skipped on a transient network error (ConnectionError); retrying next tick.
2026-09-07 15:05:02,208 WARNING orchestrator | Watchdog tick skipped on a transient network error (ConnectionError); retrying next tick (78 in a row).
2026-09-07 15:05:02,213 CRITICAL orchestrator | Watchdog BLIND: 78 consecutive ticks failed (~2340s) — positions unwatched during market hours.
2026-09-07 15:05:02,231 WARNING notify | Alert email send failed (attempt 1/2): [Errno 8] nodename nor servname provided, or not known
2026-09-07 15:05:07,344 WARNING notify | Alert email send failed (attempt 2/2): [Errno 8] nodename nor servname provided, or not known
2026-09-07 15:05:07,347 ERROR notify | ALERT not delivered (no working sink): Watchdog blind for 78 ticks (~2340s)
2026-09-07 15:05:32,239 WARNING alpaca | get_clock: transient network error (ConnectionError); retry 1/2.
2026-09-07 15:05:32,381 WARNING alpaca | get_account: transient network error (ConnectionError); retry 1/2.
2026-09-07 15:05:32,895 WARNING alpaca | get_clock: transient network error (ConnectionError); retry 2/2.
2026-09-07 15:05:33,019 WARNING alpaca | get_account: transient network error (ConnectionError); retry 2/2.
2026-09-07 15:05:34,046 WARNING orchestrator | Decision tick skipped on a transient network error (ConnectionError); retrying next tick.
2026-09-07 15:05:34,176 WARNING orchestrator | Watchdog tick skipped on a transient network error (ConnectionError); retrying next tick (79 in a row).
2026-09-07 15:05:34,183 CRITICAL orchestrator | Watchdog BLIND: 79 consecutive ticks failed (~2370s) — positions unwatched during market hours.
2026-09-07 15:05:34,191 WARNING notify | Alert email send failed (attempt 1/2): [Errno 8] nodename nor servname provided, or not known
2026-09-07 15:05:39,334 WARNING notify | Alert email send failed (attempt 2/2): [Errno 8] nodename nor servname provided, or not known
2026-09-07 15:05:39,340 ERROR notify | ALERT not delivered (no working sink): Watchdog blind for 79 ticks (~2370s)
2026-09-07 15:06:04,170 WARNING alpaca | get_clock: transient network error (ConnectionError); retry 1/2.
2026-09-07 15:06:04,330 WARNING alpaca | get_account: transient network error (ConnectionError); retry 1/2.
2026-09-07 15:06:04,825 WARNING alpaca | get_clock: transient network error (ConnectionError); retry 2/2.
2026-09-07 15:06:04,928 WARNING alpaca | get_account: transient network error (ConnectionError); retry 2/2.
2026-09-07 15:06:05,964 WARNING orchestrator | Decision tick skipped on a transient network error (ConnectionError); retrying next tick.
2026-09-07 15:06:06,064 WARNING orchestrator | Watchdog tick skipped on a transient network error (ConnectionError); retrying next tick (80 in a row).
2026-09-07 15:06:36,163 WARNING alpaca | get_clock: transient network error (ConnectionError); retry 1/2.
2026-09-07 15:06:36,177 WARNING alpaca | get_account: transient network error (ConnectionError); retry 1/2.
2026-09-07 15:06:36,816 WARNING alpaca | get_clock: transient network error (ConnectionError); retry 2/2.
2026-09-07 15:06:36,829 WARNING alpaca | get_account: transient network error (ConnectionError); retry 2/2.
2026-09-07 15:06:37,931 WARNING orchestrator | Decision tick skipped on a transient network error (ConnectionError); retrying next tick.
2026-09-07 15:06:37,932 WARNING orchestrator | Watchdog tick skipped on a transient network error (ConnectionError); retrying next tick (81 in a row).
2026-09-07 15:07:08,058 WARNING alpaca | get_clock: transient network error (ConnectionError); retry 1/2.
2026-09-07 15:07:08,077 WARNING alpaca | get_account: transient network error (ConnectionError); retry 1/2.
2026-09-07 15:07:08,689 WARNING alpaca | get_clock: transient network error (ConnectionError); retry 2/2.
2026-09-07 15:07:08,734 WARNING alpaca | get_account: transient network error (ConnectionError); retry 2/2.
2026-09-07 15:07:09,737 WARNING orchestrator | Decision tick skipped on a transient network error (ConnectionError); retrying next tick.
2026-09-07 15:07:09,894 WARNING orchestrator | Watchdog tick skipped on a transient network error (ConnectionError); retrying next tick (82 in a row).
2026-09-07 15:07:39,968 WARNING alpaca | get_clock: transient network error (ConnectionError); retry 1/2.
2026-09-07 15:07:40,039 WARNING alpaca | get_account: transient network error (ConnectionError); retry 1/2.
2026-09-07 15:07:40,591 WARNING alpaca | get_clock: transient network error (ConnectionError); retry 2/2.
2026-09-07 15:07:40,687 WARNING alpaca | get_account: transient network error (ConnectionError); retry 2/2.
2026-09-07 15:07:41,739 WARNING orchestrator | Decision tick skipped on a transient network error (ConnectionError); retrying next tick.
2026-09-07 15:07:41,744 WARNING orchestrator | Watchdog tick skipped on a transient network error (ConnectionError); retrying next tick (83 in a row).
2026-09-07 15:08:11,946 WARNING alpaca | get_account: transient network error (ConnectionError); retry 1/2.
2026-09-07 15:08:11,950 WARNING alpaca | get_clock: transient network error (ConnectionError); retry 1/2.
2026-09-07 15:08:12,511 WARNING alpaca | get_account: transient network error (ConnectionError); retry 2/2.
2026-09-07 15:08:12,604 WARNING alpaca | get_clock: transient network error (ConnectionError); retry 2/2.
2026-09-07 15:08:13,647 WARNING orchestrator | Watchdog tick skipped on a transient network error (ConnectionError); retrying next tick (84 in a row).
2026-09-07 15:08:13,704 WARNING orchestrator | Decision tick skipped on a transient network error (ConnectionError); retrying next tick.
2026-09-07 15:08:43,814 WARNING alpaca | get_account: transient network error (ConnectionError); retry 1/2.
2026-09-07 15:08:43,839 WARNING alpaca | get_clock: transient network error (ConnectionError); retry 1/2.
2026-09-07 15:08:44,405 WARNING alpaca | get_account: transient network error (ConnectionError); retry 2/2.
2026-09-07 15:08:44,483 WARNING alpaca | get_clock: transient network error (ConnectionError); retry 2/2.
2026-09-07 15:08:45,497 WARNING orchestrator | Decision tick skipped on a transient network error (ConnectionError); retrying next tick.
2026-09-07 15:08:45,566 WARNING orchestrator | Watchdog tick skipped on a transient network error (ConnectionError); retrying next tick (85 in a row).
2026-09-07 15:09:15,662 WARNING alpaca | get_clock: transient network error (ConnectionError); retry 1/2.
2026-09-07 15:09:15,703 WARNING alpaca | get_account: transient network error (ConnectionError); retry 1/2.
2026-09-07 15:09:16,214 WARNING alpaca | get_clock: transient network error (ConnectionError); retry 2/2.
2026-09-07 15:09:16,360 WARNING alpaca | get_account: transient network error (ConnectionError); retry 2/2.
2026-09-07 15:09:17,366 WARNING orchestrator | Decision tick skipped on a transient network error (ConnectionError); retrying next tick.
2026-09-07 15:09:17,517 WARNING orchestrator | Watchdog tick skipped on a transient network error (ConnectionError); retrying next tick (86 in a row).
2026-09-07 15:09:47,513 WARNING alpaca | get_clock: transient network error (ConnectionError); retry 1/2.
2026-09-07 15:09:47,651 WARNING alpaca | get_account: transient network error (ConnectionError); retry 1/2.
2026-09-07 15:09:48,153 WARNING alpaca | get_clock: transient network error (ConnectionError); retry 2/2.
2026-09-07 15:09:48,309 WARNING alpaca | get_account: transient network error (ConnectionError); retry 2/2.
2026-09-07 15:09:49,237 WARNING orchestrator | Decision tick skipped on a transient network error (ConnectionError); retrying next tick.
2026-09-07 15:09:49,467 WARNING orchestrator | Watchdog tick skipped on a transient network error (ConnectionError); retrying next tick (87 in a row).
2026-09-07 15:10:19,381 WARNING alpaca | get_clock: transient network error (ConnectionError); retry 1/2.
2026-09-07 15:10:19,618 WARNING alpaca | get_account: transient network error (ConnectionError); retry 1/2.
2026-09-07 15:10:20,033 WARNING alpaca | get_clock: transient network error (ConnectionError); retry 2/2.
2026-09-07 15:10:20,276 WARNING alpaca | get_account: transient network error (ConnectionError); retry 2/2.
2026-09-07 15:10:21,168 WARNING orchestrator | Decision tick skipped on a transient network error (ConnectionError); retrying next tick.
2026-09-07 15:10:21,429 WARNING orchestrator | Watchdog tick skipped on a transient network error (ConnectionError); retrying next tick (88 in a row).
2026-09-07 15:10:51,330 WARNING alpaca | get_clock: transient network error (ConnectionError); retry 1/2.
2026-09-07 15:10:51,559 WARNING alpaca | get_account: transient network error (ConnectionError); retry 1/2.
2026-09-07 15:10:51,991 WARNING alpaca | get_clock: transient network error (ConnectionError); retry 2/2.
2026-09-07 15:10:52,189 WARNING alpaca | get_account: transient network error (ConnectionError); retry 2/2.
2026-09-07 15:10:53,136 WARNING orchestrator | Decision tick skipped on a transient network error (ConnectionError); retrying next tick.
2026-09-07 15:10:53,302 WARNING orchestrator | Watchdog tick skipped on a transient network error (ConnectionError); retrying next tick (89 in a row).
2026-09-07 15:11:23,313 WARNING alpaca | get_clock: transient network error (ConnectionError); retry 1/2.
2026-09-07 15:11:23,444 WARNING alpaca | get_account: transient network error (ConnectionError); retry 1/2.
2026-09-07 15:11:23,971 WARNING alpaca | get_clock: transient network error (ConnectionError); retry 2/2.
2026-09-07 15:11:24,099 WARNING alpaca | get_account: transient network error (ConnectionError); retry 2/2.
2026-09-07 15:11:25,127 WARNING orchestrator | Decision tick skipped on a transient network error (ConnectionError); retrying next tick.
2026-09-07 15:11:25,231 WARNING orchestrator | Watchdog tick skipped on a transient network error (ConnectionError); retrying next tick (90 in a row).
2026-09-07 15:11:55,292 WARNING alpaca | get_clock: transient network error (ConnectionError); retry 1/2.
2026-09-07 15:11:55,350 WARNING alpaca | get_account: transient network error (ConnectionError); retry 1/2.
2026-09-07 15:11:55,880 WARNING alpaca | get_clock: transient network error (ConnectionError); retry 2/2.
2026-09-07 15:11:56,004 WARNING alpaca | get_account: transient network error (ConnectionError); retry 2/2.
2026-09-07 15:11:57,005 WARNING orchestrator | Decision tick skipped on a transient network error (ConnectionError); retrying next tick.
2026-09-07 15:11:57,146 WARNING orchestrator | Watchdog tick skipped on a transient network error (ConnectionError); retrying next tick (91 in a row).
2026-09-07 15:12:27,146 WARNING alpaca | get_clock: transient network error (ConnectionError); retry 1/2.
2026-09-07 15:12:27,276 WARNING alpaca | get_account: transient network error (ConnectionError); retry 1/2.
2026-09-07 15:12:27,791 WARNING alpaca | get_clock: transient network error (ConnectionError); retry 2/2.
2026-09-07 15:12:27,935 WARNING alpaca | get_account: transient network error (ConnectionError); retry 2/2.
2026-09-07 15:12:28,942 WARNING orchestrator | Decision tick skipped on a transient network error (ConnectionError); retrying next tick.
2026-09-07 15:12:29,065 WARNING orchestrator | Watchdog tick skipped on a transient network error (ConnectionError); retrying next tick (92 in a row).
2026-09-07 15:13:29,104 WARNING alpaca | get_clock: transient network error (ConnectionError); retry 1/2.
2026-09-07 15:13:29,194 WARNING alpaca | get_account: transient network error (ConnectionError); retry 1/2.
2026-09-07 15:13:59,767 WARNING alpaca | get_clock: transient network error (ConnectionError); retry 2/2.
2026-09-07 15:13:59,792 WARNING alpaca | get_account: transient network error (ConnectionError); retry 2/2.
2026-09-07 15:14:30,912 WARNING orchestrator | Decision tick skipped on a transient network error (ConnectionError); retrying next tick.
2026-09-07 15:14:30,952 WARNING orchestrator | Watchdog tick skipped on a transient network error (ConnectionError); retrying next tick (93 in a row).
2026-09-07 15:15:01,058 WARNING alpaca | get_account: transient network error (ConnectionError); retry 1/2.
2026-09-07 15:15:01,080 WARNING alpaca | get_clock: transient network error (ConnectionError); retry 1/2.
2026-09-07 15:15:01,709 WARNING alpaca | get_account: transient network error (ConnectionError); retry 2/2.
2026-09-07 15:15:01,734 WARNING alpaca | get_clock: transient network error (ConnectionError); retry 2/2.
2026-09-07 15:15:02,744 WARNING orchestrator | Watchdog tick skipped on a transient network error (ConnectionError); retrying next tick (94 in a row).
2026-09-07 15:15:02,882 WARNING orchestrator | Decision tick skipped on a transient network error (ConnectionError); retrying next tick.
2026-09-07 15:15:32,898 WARNING alpaca | get_account: transient network error (ConnectionError); retry 1/2.
2026-09-07 15:15:33,021 WARNING alpaca | get_clock: transient network error (ConnectionError); retry 1/2.
2026-09-07 15:15:33,548 WARNING alpaca | get_account: transient network error (ConnectionError); retry 2/2.
2026-09-07 15:15:33,675 WARNING alpaca | get_clock: transient network error (ConnectionError); retry 2/2.
2026-09-07 15:15:34,705 WARNING orchestrator | Watchdog tick skipped on a transient network error (ConnectionError); retrying next tick (95 in a row).
2026-09-07 15:15:34,812 WARNING orchestrator | Decision tick skipped on a transient network error (ConnectionError); retrying next tick.
2026-09-07 15:16:04,815 WARNING alpaca | get_account: transient network error (ConnectionError); retry 1/2.
2026-09-07 15:16:04,910 WARNING alpaca | get_clock: transient network error (ConnectionError); retry 1/2.
2026-09-07 15:16:05,473 WARNING alpaca | get_account: transient network error (ConnectionError); retry 2/2.
2026-09-07 15:16:05,556 WARNING alpaca | get_clock: transient network error (ConnectionError); retry 2/2.
2026-09-07 15:16:06,629 WARNING orchestrator | Watchdog tick skipped on a transient network error (ConnectionError); retrying next tick (96 in a row).
2026-09-07 15:16:06,690 WARNING orchestrator | Decision tick skipped on a transient network error (ConnectionError); retrying next tick.
2026-09-07 15:16:36,841 WARNING alpaca | get_clock: transient network error (ConnectionError); retry 1/2.
2026-09-07 15:16:36,845 WARNING alpaca | get_account: transient network error (ConnectionError); retry 1/2.
2026-09-07 15:16:37,422 WARNING alpaca | get_account: transient network error (ConnectionError); retry 2/2.
2026-09-07 15:16:37,496 WARNING alpaca | get_clock: transient network error (ConnectionError); retry 2/2.
2026-09-07 15:16:38,481 WARNING orchestrator | Watchdog tick skipped on a transient network error (ConnectionError); retrying next tick (97 in a row).
2026-09-07 15:16:38,652 WARNING orchestrator | Decision tick skipped on a transient network error (ConnectionError); retrying next tick.
2026-09-07 15:17:08,640 WARNING alpaca | get_account: transient network error (ConnectionError); retry 1/2.
2026-09-07 15:17:08,796 WARNING alpaca | get_clock: transient network error (ConnectionError); retry 1/2.
2026-09-07 15:17:09,293 WARNING alpaca | get_account: transient network error (ConnectionError); retry 2/2.
2026-09-07 15:17:09,447 WARNING alpaca | get_clock: transient network error (ConnectionError); retry 2/2.
2026-09-07 15:17:10,449 WARNING orchestrator | Watchdog tick skipped on a transient network error (ConnectionError); retrying next tick (98 in a row).
2026-09-07 15:17:10,535 WARNING orchestrator | Decision tick skipped on a transient network error (ConnectionError); retrying next tick.
2026-09-07 15:17:40,589 WARNING alpaca | get_account: transient network error (ConnectionError); retry 1/2.
2026-09-07 15:17:40,596 WARNING alpaca | get_clock: transient network error (ConnectionError); retry 1/2.
2026-09-07 15:17:41,201 WARNING alpaca | get_account: transient network error (ConnectionError); retry 2/2.
2026-09-07 15:17:41,203 WARNING alpaca | get_clock: transient network error (ConnectionError); retry 2/2.
2026-09-07 15:17:42,362 WARNING orchestrator | Watchdog tick skipped on a transient network error (ConnectionError); retrying next tick (99 in a row).
2026-09-07 15:17:42,366 WARNING orchestrator | Decision tick skipped on a transient network error (ConnectionError); retrying next tick.
2026-09-07 15:18:12,539 WARNING alpaca | get_clock: transient network error (ConnectionError); retry 1/2.
2026-09-07 15:18:12,544 WARNING alpaca | get_account: transient network error (ConnectionError); retry 1/2.
2026-09-07 15:18:13,136 WARNING alpaca | get_clock: transient network error (ConnectionError); retry 2/2.
2026-09-07 15:18:13,181 WARNING alpaca | get_account: transient network error (ConnectionError); retry 2/2.
2026-09-07 15:18:14,294 WARNING orchestrator | Decision tick skipped on a transient network error (ConnectionError); retrying next tick.
2026-09-07 15:18:14,328 WARNING orchestrator | Watchdog tick skipped on a transient network error (ConnectionError); retrying next tick (100 in a row).
2026-09-07 15:18:44,467 WARNING alpaca | get_clock: transient network error (ConnectionError); retry 1/2.
2026-09-07 15:18:44,482 WARNING alpaca | get_account: transient network error (ConnectionError); retry 1/2.
2026-09-07 15:18:45,102 WARNING alpaca | get_clock: transient network error (ConnectionError); retry 2/2.
2026-09-07 15:18:45,142 WARNING alpaca | get_account: transient network error (ConnectionError); retry 2/2.
2026-09-07 15:18:46,240 WARNING orchestrator | Decision tick skipped on a transient network error (ConnectionError); retrying next tick.
2026-09-07 15:18:46,297 WARNING orchestrator | Watchdog tick skipped on a transient network error (ConnectionError); retrying next tick (101 in a row).
2026-09-07 15:19:16,397 WARNING alpaca | get_clock: transient network error (ConnectionError); retry 1/2.
2026-09-07 15:19:16,436 WARNING alpaca | get_account: transient network error (ConnectionError); retry 1/2.
2026-09-07 15:19:17,023 WARNING alpaca | get_clock: transient network error (ConnectionError); retry 2/2.
2026-09-07 15:19:17,090 WARNING alpaca | get_account: transient network error (ConnectionError); retry 2/2.
2026-09-07 15:19:18,177 WARNING orchestrator | Decision tick skipped on a transient network error (ConnectionError); retrying next tick.
2026-09-07 15:19:18,195 WARNING orchestrator | Watchdog tick skipped on a transient network error (ConnectionError); retrying next tick (102 in a row).
2026-09-07 15:19:48,246 WARNING alpaca | get_account: transient network error (ConnectionError); retry 1/2.
2026-09-07 15:19:48,249 WARNING alpaca | get_clock: transient network error (ConnectionError); retry 1/2.
2026-09-07 15:19:48,887 WARNING alpaca | get_account: transient network error (ConnectionError); retry 2/2.
2026-09-07 15:19:48,895 WARNING alpaca | get_clock: transient network error (ConnectionError); retry 2/2.
2026-09-07 15:19:50,038 WARNING orchestrator | Decision tick skipped on a transient network error (ConnectionError); retrying next tick.
2026-09-07 15:19:50,041 WARNING orchestrator | Watchdog tick skipped on a transient network error (ConnectionError); retrying next tick (103 in a row).
2026-09-07 15:20:20,184 WARNING alpaca | get_clock: transient network error (ConnectionError); retry 1/2.
2026-09-07 15:20:20,187 WARNING alpaca | get_account: transient network error (ConnectionError); retry 1/2.
2026-09-07 15:20:20,825 WARNING alpaca | get_account: transient network error (ConnectionError); retry 2/2.
2026-09-07 15:20:20,829 WARNING alpaca | get_clock: transient network error (ConnectionError); retry 2/2.
2026-09-07 15:20:21,910 WARNING orchestrator | Watchdog tick skipped on a transient network error (ConnectionError); retrying next tick (104 in a row).
2026-09-07 15:20:21,982 WARNING orchestrator | Decision tick skipped on a transient network error (ConnectionError); retrying next tick.
2026-09-07 15:20:52,070 WARNING alpaca | get_account: transient network error (ConnectionError); retry 1/2.
2026-09-07 15:20:52,124 WARNING alpaca | get_clock: transient network error (ConnectionError); retry 1/2.
2026-09-07 15:20:52,691 WARNING alpaca | get_account: transient network error (ConnectionError); retry 2/2.
2026-09-07 15:20:52,726 WARNING alpaca | get_clock: transient network error (ConnectionError); retry 2/2.
2026-09-07 15:20:53,849 WARNING orchestrator | Watchdog tick skipped on a transient network error (ConnectionError); retrying next tick (105 in a row).
2026-09-07 15:20:53,871 WARNING orchestrator | Decision tick skipped on a transient network error (ConnectionError); retrying next tick.
2026-09-07 15:21:24,028 WARNING alpaca | get_account: transient network error (ConnectionError); retry 1/2.
2026-09-07 15:21:24,036 WARNING alpaca | get_clock: transient network error (ConnectionError); retry 1/2.
2026-09-07 15:21:24,686 WARNING alpaca | get_clock: transient network error (ConnectionError); retry 2/2.
2026-09-07 15:21:24,690 WARNING alpaca | get_account: transient network error (ConnectionError); retry 2/2.
2026-09-07 15:21:25,793 WARNING orchestrator | Watchdog tick skipped on a transient network error (ConnectionError); retrying next tick (106 in a row).
2026-09-07 15:21:25,808 WARNING orchestrator | Decision tick skipped on a transient network error (ConnectionError); retrying next tick.
2026-09-07 15:21:55,970 WARNING alpaca | get_clock: transient network error (ConnectionError); retry 1/2.
2026-09-07 15:21:55,974 WARNING alpaca | get_account: transient network error (ConnectionError); retry 1/2.
2026-09-07 15:21:56,507 WARNING alpaca | get_account: transient network error (ConnectionError); retry 2/2.
2026-09-07 15:21:56,580 WARNING alpaca | get_clock: transient network error (ConnectionError); retry 2/2.
2026-09-07 15:21:57,644 WARNING orchestrator | Watchdog tick skipped on a transient network error (ConnectionError); retrying next tick (107 in a row).
2026-09-07 15:21:57,723 WARNING orchestrator | Decision tick skipped on a transient network error (ConnectionError); retrying next tick.
2026-09-07 15:22:27,776 WARNING alpaca | get_account: transient network error (ConnectionError); retry 1/2.
2026-09-07 15:22:27,859 WARNING alpaca | get_clock: transient network error (ConnectionError); retry 1/2.
2026-09-07 15:22:28,422 WARNING alpaca | get_account: transient network error (ConnectionError); retry 2/2.
2026-09-07 15:22:28,513 WARNING alpaca | get_clock: transient network error (ConnectionError); retry 2/2.
2026-09-07 15:22:29,470 WARNING orchestrator | Watchdog tick skipped on a transient network error (ConnectionError); retrying next tick (108 in a row).
2026-09-07 15:22:29,644 WARNING orchestrator | Decision tick skipped on a transient network error (ConnectionError); retrying next tick.
2026-09-07 15:22:59,647 WARNING alpaca | get_account: transient network error (ConnectionError); retry 1/2.
2026-09-07 15:22:59,744 WARNING alpaca | get_clock: transient network error (ConnectionError); retry 1/2.
2026-09-07 15:23:00,266 WARNING alpaca | get_account: transient network error (ConnectionError); retry 2/2.
2026-09-07 15:23:00,408 WARNING alpaca | get_clock: transient network error (ConnectionError); retry 2/2.
2026-09-07 15:23:01,410 WARNING orchestrator | Watchdog tick skipped on a transient network error (ConnectionError); retrying next tick (109 in a row).
2026-09-07 15:23:01,549 WARNING orchestrator | Decision tick skipped on a transient network error (ConnectionError); retrying next tick.
2026-09-07 15:23:31,583 WARNING alpaca | get_account: transient network error (ConnectionError); retry 1/2.
2026-09-07 15:23:31,707 WARNING alpaca | get_clock: transient network error (ConnectionError); retry 1/2.
2026-09-07 15:23:32,241 WARNING alpaca | get_account: transient network error (ConnectionError); retry 2/2.
2026-09-07 15:23:32,360 WARNING alpaca | get_clock: transient network error (ConnectionError); retry 2/2.
2026-09-07 15:23:33,403 WARNING orchestrator | Watchdog tick skipped on a transient network error (ConnectionError); retrying next tick (110 in a row).
2026-09-07 15:23:33,510 WARNING orchestrator | Decision tick skipped on a transient network error (ConnectionError); retrying next tick.
2026-09-07 15:24:03,553 WARNING alpaca | get_account: transient network error (ConnectionError); retry 1/2.
2026-09-07 15:24:03,661 WARNING alpaca | get_clock: transient network error (ConnectionError); retry 1/2.
2026-09-07 15:24:04,202 WARNING alpaca | get_account: transient network error (ConnectionError); retry 2/2.
2026-09-07 15:24:04,314 WARNING alpaca | get_clock: transient network error (ConnectionError); retry 2/2.
2026-09-07 15:24:05,254 WARNING orchestrator | Watchdog tick skipped on a transient network error (ConnectionError); retrying next tick (111 in a row).
2026-09-07 15:24:05,372 WARNING orchestrator | Decision tick skipped on a transient network error (ConnectionError); retrying next tick.
2026-09-07 15:24:35,509 WARNING alpaca | get_account: transient network error (ConnectionError); retry 1/2.
2026-09-07 15:24:35,513 WARNING alpaca | get_clock: transient network error (ConnectionError); retry 1/2.
2026-09-07 15:24:36,062 WARNING alpaca | get_account: transient network error (ConnectionError); retry 2/2.
2026-09-07 15:24:36,170 WARNING alpaca | get_clock: transient network error (ConnectionError); retry 2/2.
2026-09-07 15:24:37,196 WARNING orchestrator | Watchdog tick skipped on a transient network error (ConnectionError); retrying next tick (112 in a row).
2026-09-07 15:24:37,327 WARNING orchestrator | Decision tick skipped on a transient network error (ConnectionError); retrying next tick.
2026-09-07 15:25:07,369 WARNING alpaca | get_account: transient network error (ConnectionError); retry 1/2.
2026-09-07 15:25:07,477 WARNING alpaca | get_clock: transient network error (ConnectionError); retry 1/2.
2026-09-07 15:25:08,019 WARNING alpaca | get_account: transient network error (ConnectionError); retry 2/2.
2026-09-07 15:25:08,106 WARNING alpaca | get_clock: transient network error (ConnectionError); retry 2/2.
2026-09-07 15:25:09,160 WARNING orchestrator | Watchdog tick skipped on a transient network error (ConnectionError); retrying next tick (113 in a row).
2026-09-07 15:25:09,264 WARNING orchestrator | Decision tick skipped on a transient network error (ConnectionError); retrying next tick.
2026-09-07 15:25:39,281 WARNING alpaca | get_clock: transient network error (ConnectionError); retry 1/2.
2026-09-07 15:25:39,306 WARNING alpaca | get_account: transient network error (ConnectionError); retry 1/2.
2026-09-07 15:25:39,931 WARNING alpaca | get_account: transient network error (ConnectionError); retry 2/2.
2026-09-07 15:25:39,938 WARNING alpaca | get_clock: transient network error (ConnectionError); retry 2/2.
2026-09-07 15:25:41,019 WARNING orchestrator | Watchdog tick skipped on a transient network error (ConnectionError); retrying next tick (114 in a row).
2026-09-07 15:25:41,093 WARNING orchestrator | Decision tick skipped on a transient network error (ConnectionError); retrying next tick.
2026-09-07 15:26:11,193 WARNING alpaca | get_account: transient network error (ConnectionError); retry 1/2.
2026-09-07 15:26:11,198 WARNING alpaca | get_clock: transient network error (ConnectionError); retry 1/2.
2026-09-07 15:26:11,838 WARNING alpaca | get_account: transient network error (ConnectionError); retry 2/2.
2026-09-07 15:26:11,848 WARNING alpaca | get_clock: transient network error (ConnectionError); retry 2/2.
2026-09-07 15:26:12,966 WARNING orchestrator | Decision tick skipped on a transient network error (ConnectionError); retrying next tick.
2026-09-07 15:26:12,969 WARNING orchestrator | Watchdog tick skipped on a transient network error (ConnectionError); retrying next tick (115 in a row).
2026-09-07 15:26:43,081 WARNING alpaca | get_clock: transient network error (ConnectionError); retry 1/2.
2026-09-07 15:26:43,125 WARNING alpaca | get_account: transient network error (ConnectionError); retry 1/2.
2026-09-07 15:26:43,655 WARNING alpaca | get_account: transient network error (ConnectionError); retry 2/2.
2026-09-07 15:26:43,716 WARNING alpaca | get_clock: transient network error (ConnectionError); retry 2/2.
2026-09-07 15:26:44,807 WARNING orchestrator | Watchdog tick skipped on a transient network error (ConnectionError); retrying next tick (116 in a row).
2026-09-07 15:26:44,863 WARNING orchestrator | Decision tick skipped on a transient network error (ConnectionError); retrying next tick.
2026-09-07 15:27:14,956 WARNING alpaca | get_account: transient network error (ConnectionError); retry 1/2.
2026-09-07 15:27:14,981 WARNING alpaca | get_clock: transient network error (ConnectionError); retry 1/2.
2026-09-07 15:27:15,480 WARNING alpaca | get_account: transient network error (ConnectionError); retry 2/2.
2026-09-07 15:27:15,629 WARNING alpaca | get_clock: transient network error (ConnectionError); retry 2/2.
2026-09-07 15:27:16,630 WARNING orchestrator | Watchdog tick skipped on a transient network error (ConnectionError); retrying next tick (117 in a row).
2026-09-07 15:27:16,786 WARNING orchestrator | Decision tick skipped on a transient network error (ConnectionError); retrying next tick.
2026-09-07 15:27:46,879 WARNING alpaca | get_account: transient network error (ConnectionError); retry 1/2.
2026-09-07 15:27:46,932 WARNING alpaca | get_clock: transient network error (ConnectionError); retry 1/2.
2026-09-07 15:27:47,518 WARNING alpaca | get_account: transient network error (ConnectionError); retry 2/2.
2026-09-07 15:27:47,590 WARNING alpaca | get_clock: transient network error (ConnectionError); retry 2/2.
2026-09-07 15:27:48,543 WARNING orchestrator | Watchdog tick skipped on a transient network error (ConnectionError); retrying next tick (118 in a row).
2026-09-07 15:27:48,744 WARNING orchestrator | Decision tick skipped on a transient network error (ConnectionError); retrying next tick.
2026-09-07 15:28:18,721 WARNING alpaca | get_account: transient network error (ConnectionError); retry 1/2.
2026-09-07 15:28:18,889 WARNING alpaca | get_clock: transient network error (ConnectionError); retry 1/2.
2026-09-07 15:28:19,385 WARNING alpaca | get_account: transient network error (ConnectionError); retry 2/2.
2026-09-07 15:28:19,493 WARNING alpaca | get_clock: transient network error (ConnectionError); retry 2/2.
2026-09-07 15:28:20,473 WARNING orchestrator | Watchdog tick skipped on a transient network error (ConnectionError); retrying next tick (119 in a row).
2026-09-07 15:28:20,637 WARNING orchestrator | Decision tick skipped on a transient network error (ConnectionError); retrying next tick.
2026-09-07 15:28:50,638 WARNING alpaca | get_account: transient network error (ConnectionError); retry 1/2.
2026-09-07 15:28:50,775 WARNING alpaca | get_clock: transient network error (ConnectionError); retry 1/2.
2026-09-07 15:28:51,231 WARNING alpaca | get_account: transient network error (ConnectionError); retry 2/2.
2026-09-07 15:28:51,432 WARNING alpaca | get_clock: transient network error (ConnectionError); retry 2/2.
2026-09-07 15:28:52,391 WARNING orchestrator | Watchdog tick skipped on a transient network error (ConnectionError); retrying next tick (120 in a row).
2026-09-07 15:28:52,588 WARNING orchestrator | Decision tick skipped on a transient network error (ConnectionError); retrying next tick.
2026-09-07 15:29:22,569 WARNING alpaca | get_account: transient network error (ConnectionError); retry 1/2.
2026-09-07 15:29:22,728 WARNING alpaca | get_clock: transient network error (ConnectionError); retry 1/2.
2026-09-07 15:29:23,195 WARNING alpaca | get_account: transient network error (ConnectionError); retry 2/2.
2026-09-07 15:29:23,372 WARNING alpaca | get_clock: transient network error (ConnectionError); retry 2/2.
2026-09-07 15:29:24,346 WARNING orchestrator | Watchdog tick skipped on a transient network error (ConnectionError); retrying next tick (121 in a row).
2026-09-07 15:29:24,504 WARNING orchestrator | Decision tick skipped on a transient network error (ConnectionError); retrying next tick.
2026-09-07 15:29:54,463 WARNING alpaca | get_account: transient network error (ConnectionError); retry 1/2.
2026-09-07 15:29:54,656 WARNING alpaca | get_clock: transient network error (ConnectionError); retry 1/2.
2026-09-07 15:29:55,068 WARNING alpaca | get_account: transient network error (ConnectionError); retry 2/2.
2026-09-07 15:29:55,240 WARNING alpaca | get_clock: transient network error (ConnectionError); retry 2/2.
2026-09-07 15:29:56,216 WARNING orchestrator | Watchdog tick skipped on a transient network error (ConnectionError); retrying next tick (122 in a row).
2026-09-07 15:29:56,376 WARNING orchestrator | Decision tick skipped on a transient network error (ConnectionError); retrying next tick.
2026-09-07 15:30:26,376 WARNING alpaca | get_account: transient network error (ConnectionError); retry 1/2.
2026-09-07 15:30:26,511 WARNING alpaca | get_clock: transient network error (ConnectionError); retry 1/2.
2026-09-07 15:30:27,024 WARNING alpaca | get_account: transient network error (ConnectionError); retry 2/2.
2026-09-07 15:30:27,165 WARNING alpaca | get_clock: transient network error (ConnectionError); retry 2/2.
2026-09-07 15:30:28,163 WARNING orchestrator | Watchdog tick skipped on a transient network error (ConnectionError); retrying next tick (123 in a row).
2026-09-07 15:30:28,307 WARNING orchestrator | Decision tick skipped on a transient network error (ConnectionError); retrying next tick.
2026-09-07 15:30:58,345 WARNING alpaca | get_account: transient network error (ConnectionError); retry 1/2.
2026-09-07 15:30:58,463 WARNING alpaca | get_clock: transient network error (ConnectionError); retry 1/2.
2026-09-07 15:30:59,011 WARNING alpaca | get_account: transient network error (ConnectionError); retry 2/2.
2026-09-07 15:30:59,117 WARNING alpaca | get_clock: transient network error (ConnectionError); retry 2/2.
2026-09-07 15:31:00,030 WARNING orchestrator | Watchdog tick skipped on a transient network error (ConnectionError); retrying next tick (124 in a row).
2026-09-07 15:31:00,264 WARNING orchestrator | Decision tick skipped on a transient network error (ConnectionError); retrying next tick.
2026-09-07 15:31:30,222 WARNING alpaca | get_account: transient network error (ConnectionError); retry 1/2.
2026-09-07 15:31:30,361 WARNING alpaca | get_clock: transient network error (ConnectionError); retry 1/2.
2026-09-07 15:31:30,878 WARNING alpaca | get_account: transient network error (ConnectionError); retry 2/2.
2026-09-07 15:31:31,024 WARNING alpaca | get_clock: transient network error (ConnectionError); retry 2/2.
2026-09-07 15:31:32,007 WARNING orchestrator | Watchdog tick skipped on a transient network error (ConnectionError); retrying next tick (125 in a row).
2026-09-07 15:31:32,177 WARNING orchestrator | Decision tick skipped on a transient network error (ConnectionError); retrying next tick.
2026-09-07 15:32:02,172 WARNING alpaca | get_account: transient network error (ConnectionError); retry 1/2.
2026-09-07 15:32:02,334 WARNING alpaca | get_clock: transient network error (ConnectionError); retry 1/2.
2026-09-07 15:32:02,788 WARNING alpaca | get_account: transient network error (ConnectionError); retry 2/2.
2026-09-07 15:32:02,964 WARNING alpaca | get_clock: transient network error (ConnectionError); retry 2/2.
2026-09-07 15:32:03,924 WARNING orchestrator | Watchdog tick skipped on a transient network error (ConnectionError); retrying next tick (126 in a row).
2026-09-07 15:32:04,126 WARNING orchestrator | Decision tick skipped on a transient network error (ConnectionError); retrying next tick.
2026-09-07 15:32:34,030 WARNING alpaca | get_account: transient network error (ConnectionError); retry 1/2.
2026-09-07 15:32:34,283 WARNING alpaca | get_clock: transient network error (ConnectionError); retry 1/2.
2026-09-07 15:32:34,606 WARNING alpaca | get_account: transient network error (ConnectionError); retry 2/2.
2026-09-07 15:32:34,880 WARNING alpaca | get_clock: transient network error (ConnectionError); retry 2/2.
2026-09-07 15:32:35,757 WARNING orchestrator | Watchdog tick skipped on a transient network error (ConnectionError); retrying next tick (127 in a row).
2026-09-07 15:32:36,008 WARNING orchestrator | Decision tick skipped on a transient network error (ConnectionError); retrying next tick.
2026-09-07 15:33:05,918 WARNING alpaca | get_account: transient network error (ConnectionError); retry 1/2.
2026-09-07 15:33:06,163 WARNING alpaca | get_clock: transient network error (ConnectionError); retry 1/2.
2026-09-07 15:33:06,584 WARNING alpaca | get_account: transient network error (ConnectionError); retry 2/2.
2026-09-07 15:33:06,820 WARNING alpaca | get_clock: transient network error (ConnectionError); retry 2/2.
2026-09-07 15:33:07,680 WARNING orchestrator | Watchdog tick skipped on a transient network error (ConnectionError); retrying next tick (128 in a row).
2026-09-07 15:33:07,950 WARNING orchestrator | Decision tick skipped on a transient network error (ConnectionError); retrying next tick.
2026-09-07 15:33:37,760 WARNING alpaca | get_account: transient network error (ConnectionError); retry 1/2.
2026-09-07 15:33:37,993 WARNING alpaca | get_clock: transient network error (ConnectionError); retry 1/2.
2026-09-07 15:33:38,390 WARNING alpaca | get_account: transient network error (ConnectionError); retry 2/2.
2026-09-07 15:33:38,559 WARNING alpaca | get_clock: transient network error (ConnectionError); retry 2/2.
2026-09-07 15:33:39,549 WARNING orchestrator | Watchdog tick skipped on a transient network error (ConnectionError); retrying next tick (129 in a row).
2026-09-07 15:33:39,719 WARNING orchestrator | Decision tick skipped on a transient network error (ConnectionError); retrying next tick.
2026-09-07 15:34:09,715 WARNING alpaca | get_account: transient network error (ConnectionError); retry 1/2.
2026-09-07 15:34:09,861 WARNING alpaca | get_clock: transient network error (ConnectionError); retry 1/2.
2026-09-07 15:34:10,338 WARNING alpaca | get_account: transient network error (ConnectionError); retry 2/2.
2026-09-07 15:34:10,511 WARNING alpaca | get_clock: transient network error (ConnectionError); retry 2/2.
2026-09-07 15:34:11,467 WARNING orchestrator | Watchdog tick skipped on a transient network error (ConnectionError); retrying next tick (130 in a row).
2026-09-07 15:34:11,670 WARNING orchestrator | Decision tick skipped on a transient network error (ConnectionError); retrying next tick.
2026-09-07 15:34:41,645 WARNING alpaca | get_account: transient network error (ConnectionError); retry 1/2.
2026-09-07 15:34:41,823 WARNING alpaca | get_clock: transient network error (ConnectionError); retry 1/2.
2026-09-07 15:34:42,307 WARNING alpaca | get_account: transient network error (ConnectionError); retry 2/2.
2026-09-07 15:34:42,473 WARNING alpaca | get_clock: transient network error (ConnectionError); retry 2/2.
2026-09-07 15:34:43,453 WARNING orchestrator | Watchdog tick skipped on a transient network error (ConnectionError); retrying next tick (131 in a row).
2026-09-07 15:34:43,631 WARNING orchestrator | Decision tick skipped on a transient network error (ConnectionError); retrying next tick.
2026-09-07 15:35:13,609 WARNING alpaca | get_account: transient network error (ConnectionError); retry 1/2.
2026-09-07 15:35:13,740 WARNING alpaca | get_clock: transient network error (ConnectionError); retry 1/2.
2026-09-07 15:35:14,260 WARNING alpaca | get_account: transient network error (ConnectionError); retry 2/2.
2026-09-07 15:35:14,388 WARNING alpaca | get_clock: transient network error (ConnectionError); retry 2/2.
2026-09-07 15:35:15,419 WARNING orchestrator | Watchdog tick skipped on a transient network error (ConnectionError); retrying next tick (132 in a row).
2026-09-07 15:35:15,531 WARNING orchestrator | Decision tick skipped on a transient network error (ConnectionError); retrying next tick.
2026-09-07 15:35:45,569 WARNING alpaca | get_account: transient network error (ConnectionError); retry 1/2.
2026-09-07 15:35:45,692 WARNING alpaca | get_clock: transient network error (ConnectionError); retry 1/2.
2026-09-07 15:35:46,211 WARNING alpaca | get_account: transient network error (ConnectionError); retry 2/2.
2026-09-07 15:35:46,353 WARNING alpaca | get_clock: transient network error (ConnectionError); retry 2/2.
2026-09-07 15:35:47,362 WARNING orchestrator | Watchdog tick skipped on a transient network error (ConnectionError); retrying next tick (133 in a row).
2026-09-07 15:35:47,507 WARNING orchestrator | Decision tick skipped on a transient network error (ConnectionError); retrying next tick.
2026-09-07 15:36:17,536 WARNING alpaca | get_account: transient network error (ConnectionError); retry 1/2.
2026-09-07 15:36:17,670 WARNING alpaca | get_clock: transient network error (ConnectionError); retry 1/2.
2026-09-07 15:36:18,174 WARNING alpaca | get_account: transient network error (ConnectionError); retry 2/2.
2026-09-07 15:36:18,324 WARNING alpaca | get_clock: transient network error (ConnectionError); retry 2/2.
2026-09-07 15:36:19,328 WARNING orchestrator | Watchdog tick skipped on a transient network error (ConnectionError); retrying next tick (134 in a row).
2026-09-07 15:36:19,478 WARNING orchestrator | Decision tick skipped on a transient network error (ConnectionError); retrying next tick.
2026-09-07 15:36:49,491 WARNING alpaca | get_account: transient network error (ConnectionError); retry 1/2.
2026-09-07 15:36:49,597 WARNING alpaca | get_clock: transient network error (ConnectionError); retry 1/2.
2026-09-07 15:36:50,059 WARNING alpaca | get_account: transient network error (ConnectionError); retry 2/2.
2026-09-07 15:36:50,249 WARNING alpaca | get_clock: transient network error (ConnectionError); retry 2/2.
2026-09-07 15:36:51,212 WARNING orchestrator | Watchdog tick skipped on a transient network error (ConnectionError); retrying next tick (135 in a row).
2026-09-07 15:36:51,398 WARNING orchestrator | Decision tick skipped on a transient network error (ConnectionError); retrying next tick.
2026-09-07 15:37:21,369 WARNING alpaca | get_account: transient network error (ConnectionError); retry 1/2.
2026-09-07 15:37:21,554 WARNING alpaca | get_clock: transient network error (ConnectionError); retry 1/2.
2026-09-07 15:37:21,999 WARNING alpaca | get_account: transient network error (ConnectionError); retry 2/2.
2026-09-07 15:37:22,099 WARNING alpaca | get_clock: transient network error (ConnectionError); retry 2/2.
2026-09-07 15:37:23,156 WARNING orchestrator | Watchdog tick skipped on a transient network error (ConnectionError); retrying next tick (136 in a row).
2026-09-07 15:37:23,195 WARNING orchestrator | Decision tick skipped on a transient network error (ConnectionError); retrying next tick.
2026-09-07 15:37:53,327 WARNING alpaca | get_account: transient network error (ConnectionError); retry 1/2.
2026-09-07 15:37:53,330 WARNING alpaca | get_clock: transient network error (ConnectionError); retry 1/2.
2026-09-07 15:37:53,931 WARNING alpaca | get_clock: transient network error (ConnectionError); retry 2/2.
2026-09-07 15:37:53,989 WARNING alpaca | get_account: transient network error (ConnectionError); retry 2/2.
2026-09-07 15:37:55,078 WARNING orchestrator | Decision tick skipped on a transient network error (ConnectionError); retrying next tick.
2026-09-07 15:37:55,134 WARNING orchestrator | Watchdog tick skipped on a transient network error (ConnectionError); retrying next tick (137 in a row).
2026-09-07 15:38:25,206 WARNING alpaca | get_clock: transient network error (ConnectionError); retry 1/2.
2026-09-07 15:38:25,268 WARNING alpaca | get_account: transient network error (ConnectionError); retry 1/2.
2026-09-07 15:38:25,730 WARNING alpaca | get_clock: transient network error (ConnectionError); retry 2/2.
2026-09-07 15:38:25,892 WARNING alpaca | get_account: transient network error (ConnectionError); retry 2/2.
2026-09-07 15:38:26,866 WARNING orchestrator | Decision tick skipped on a transient network error (ConnectionError); retrying next tick.
2026-09-07 15:38:27,049 WARNING orchestrator | Watchdog tick skipped on a transient network error (ConnectionError); retrying next tick (138 in a row).
2026-09-07 15:38:57,037 WARNING alpaca | get_clock: transient network error (ConnectionError); retry 1/2.
2026-09-07 15:38:57,168 WARNING alpaca | get_account: transient network error (ConnectionError); retry 1/2.
2026-09-07 15:38:57,658 WARNING alpaca | get_clock: transient network error (ConnectionError); retry 2/2.
2026-09-07 15:38:57,824 WARNING alpaca | get_account: transient network error (ConnectionError); retry 2/2.
2026-09-07 15:38:58,770 WARNING orchestrator | Decision tick skipped on a transient network error (ConnectionError); retrying next tick.
2026-09-07 15:38:58,979 WARNING orchestrator | Watchdog tick skipped on a transient network error (ConnectionError); retrying next tick (139 in a row).
2026-09-07 15:39:28,900 WARNING alpaca | get_clock: transient network error (ConnectionError); retry 1/2.
2026-09-07 15:39:29,114 WARNING alpaca | get_account: transient network error (ConnectionError); retry 1/2.
2026-09-07 15:39:29,552 WARNING alpaca | get_clock: transient network error (ConnectionError); retry 2/2.
2026-09-07 15:39:29,760 WARNING alpaca | get_account: transient network error (ConnectionError); retry 2/2.
2026-09-07 15:39:30,648 WARNING orchestrator | Decision tick skipped on a transient network error (ConnectionError); retrying next tick.
2026-09-07 15:39:30,884 WARNING orchestrator | Watchdog tick skipped on a transient network error (ConnectionError); retrying next tick (140 in a row).
2026-09-07 15:40:00,818 WARNING alpaca | get_clock: transient network error (ConnectionError); retry 1/2.
2026-09-07 15:40:01,041 WARNING alpaca | get_account: transient network error (ConnectionError); retry 1/2.
2026-09-07 15:40:01,477 WARNING alpaca | get_clock: transient network error (ConnectionError); retry 2/2.
2026-09-07 15:40:01,555 WARNING alpaca | get_account: transient network error (ConnectionError); retry 2/2.
2026-09-07 15:40:02,625 WARNING orchestrator | Decision tick skipped on a transient network error (ConnectionError); retrying next tick.
2026-09-07 15:40:02,662 WARNING orchestrator | Watchdog tick skipped on a transient network error (ConnectionError); retrying next tick (141 in a row).
2026-09-07 15:40:32,863 WARNING alpaca | get_account: transient network error (ConnectionError); retry 1/2.
2026-09-07 15:40:32,872 WARNING alpaca | get_clock: transient network error (ConnectionError); retry 1/2.
2026-09-07 15:40:33,435 WARNING alpaca | get_account: transient network error (ConnectionError); retry 2/2.
2026-09-07 15:40:33,478 WARNING alpaca | get_clock: transient network error (ConnectionError); retry 2/2.
2026-09-07 15:40:34,578 WARNING orchestrator | Watchdog tick skipped on a transient network error (ConnectionError); retrying next tick (142 in a row).
2026-09-07 15:40:34,633 WARNING orchestrator | Decision tick skipped on a transient network error (ConnectionError); retrying next tick.
2026-09-07 15:41:04,844 WARNING alpaca | get_clock: transient network error (ConnectionError); retry 1/2.
2026-09-07 15:41:04,848 WARNING alpaca | get_account: transient network error (ConnectionError); retry 1/2.
2026-09-07 15:41:05,466 WARNING alpaca | get_clock: transient network error (ConnectionError); retry 2/2.
2026-09-07 15:41:05,504 WARNING alpaca | get_account: transient network error (ConnectionError); retry 2/2.
2026-09-07 15:41:06,612 WARNING orchestrator | Decision tick skipped on a transient network error (ConnectionError); retrying next tick.
2026-09-07 15:41:06,641 WARNING orchestrator | Watchdog tick skipped on a transient network error (ConnectionError); retrying next tick (143 in a row).
2026-09-07 15:41:36,782 WARNING alpaca | get_account: transient network error (ConnectionError); retry 1/2.
2026-09-07 15:41:36,784 WARNING alpaca | get_clock: transient network error (ConnectionError); retry 1/2.
2026-09-07 15:41:37,406 WARNING alpaca | get_account: transient network error (ConnectionError); retry 2/2.
2026-09-07 15:41:37,441 WARNING alpaca | get_clock: transient network error (ConnectionError); retry 2/2.
2026-09-07 15:41:38,467 WARNING orchestrator | Watchdog tick skipped on a transient network error (ConnectionError); retrying next tick (144 in a row).
2026-09-07 15:41:38,507 WARNING orchestrator | Decision tick skipped on a transient network error (ConnectionError); retrying next tick.
2026-09-07 15:42:08,599 WARNING alpaca | get_account: transient network error (ConnectionError); retry 1/2.
2026-09-07 15:42:08,615 WARNING alpaca | get_clock: transient network error (ConnectionError); retry 1/2.
2026-09-07 15:42:09,245 WARNING alpaca | get_account: transient network error (ConnectionError); retry 2/2.
2026-09-07 15:42:09,280 WARNING alpaca | get_clock: transient network error (ConnectionError); retry 2/2.
2026-09-07 15:42:10,371 WARNING orchestrator | Watchdog tick skipped on a transient network error (ConnectionError); retrying next tick (145 in a row).
2026-09-07 15:42:10,439 WARNING orchestrator | Decision tick skipped on a transient network error (ConnectionError); retrying next tick.
2026-09-07 15:42:40,548 WARNING alpaca | get_account: transient network error (ConnectionError); retry 1/2.
2026-09-07 15:42:40,589 WARNING alpaca | get_clock: transient network error (ConnectionError); retry 1/2.
2026-09-07 15:42:41,202 WARNING alpaca | get_account: transient network error (ConnectionError); retry 2/2.
2026-09-07 15:42:41,249 WARNING alpaca | get_clock: transient network error (ConnectionError); retry 2/2.
2026-09-07 15:42:42,316 WARNING orchestrator | Decision tick skipped on a transient network error (ConnectionError); retrying next tick.
2026-09-07 15:42:42,351 WARNING orchestrator | Watchdog tick skipped on a transient network error (ConnectionError); retrying next tick (146 in a row).
2026-09-07 15:43:12,442 WARNING alpaca | get_clock: transient network error (ConnectionError); retry 1/2.
2026-09-07 15:43:12,476 WARNING alpaca | get_account: transient network error (ConnectionError); retry 1/2.
2026-09-07 15:43:13,089 WARNING alpaca | get_clock: transient network error (ConnectionError); retry 2/2.
2026-09-07 15:43:13,113 WARNING alpaca | get_account: transient network error (ConnectionError); retry 2/2.
2026-09-07 15:43:14,218 WARNING orchestrator | Watchdog tick skipped on a transient network error (ConnectionError); retrying next tick (147 in a row).
2026-09-07 15:43:14,233 WARNING orchestrator | Decision tick skipped on a transient network error (ConnectionError); retrying next tick.
2026-09-07 15:43:44,325 WARNING alpaca | get_account: transient network error (ConnectionError); retry 1/2.
2026-09-07 15:43:44,389 WARNING alpaca | get_clock: transient network error (ConnectionError); retry 1/2.
2026-09-07 15:43:44,946 WARNING alpaca | get_account: transient network error (ConnectionError); retry 2/2.
2026-09-07 15:43:45,039 WARNING alpaca | get_clock: transient network error (ConnectionError); retry 2/2.
2026-09-07 15:43:46,104 WARNING orchestrator | Watchdog tick skipped on a transient network error (ConnectionError); retrying next tick (148 in a row).
2026-09-07 15:43:46,189 WARNING orchestrator | Decision tick skipped on a transient network error (ConnectionError); retrying next tick.
2026-09-07 15:44:16,261 WARNING alpaca | get_account: transient network error (ConnectionError); retry 1/2.
2026-09-07 15:44:16,336 WARNING alpaca | get_clock: transient network error (ConnectionError); retry 1/2.
2026-09-07 15:44:16,926 WARNING alpaca | get_account: transient network error (ConnectionError); retry 2/2.
2026-09-07 15:44:16,994 WARNING alpaca | get_clock: transient network error (ConnectionError); retry 2/2.
2026-09-07 15:44:18,057 WARNING orchestrator | Watchdog tick skipped on a transient network error (ConnectionError); retrying next tick (149 in a row).
2026-09-07 15:44:18,150 WARNING orchestrator | Decision tick skipped on a transient network error (ConnectionError); retrying next tick.
2026-09-07 15:44:48,215 WARNING alpaca | get_account: transient network error (ConnectionError); retry 1/2.
2026-09-07 15:44:48,309 WARNING alpaca | get_clock: transient network error (ConnectionError); retry 1/2.
2026-09-07 15:44:48,799 WARNING alpaca | get_account: transient network error (ConnectionError); retry 2/2.
2026-09-07 15:44:48,965 WARNING alpaca | get_clock: transient network error (ConnectionError); retry 2/2.
2026-09-07 15:44:49,955 WARNING orchestrator | Watchdog tick skipped on a transient network error (ConnectionError); retrying next tick (150 in a row).
2026-09-07 15:44:50,114 WARNING orchestrator | Decision tick skipped on a transient network error (ConnectionError); retrying next tick.
2026-09-07 15:45:20,185 WARNING alpaca | get_account: transient network error (ConnectionError); retry 1/2.
2026-09-07 15:45:20,198 WARNING alpaca | get_clock: transient network error (ConnectionError); retry 1/2.
2026-09-07 15:45:20,840 WARNING alpaca | get_account: transient network error (ConnectionError); retry 2/2.
2026-09-07 15:45:20,852 WARNING alpaca | get_clock: transient network error (ConnectionError); retry 2/2.
2026-09-07 15:45:21,977 WARNING orchestrator | Watchdog tick skipped on a transient network error (ConnectionError); retrying next tick (151 in a row).
2026-09-07 15:45:21,982 WARNING orchestrator | Decision tick skipped on a transient network error (ConnectionError); retrying next tick.
2026-09-07 15:45:52,151 WARNING alpaca | get_account: transient network error (ConnectionError); retry 1/2.
2026-09-07 15:45:52,154 WARNING alpaca | get_clock: transient network error (ConnectionError); retry 1/2.
2026-09-07 15:45:52,804 WARNING alpaca | get_account: transient network error (ConnectionError); retry 2/2.
2026-09-07 15:45:52,805 WARNING alpaca | get_clock: transient network error (ConnectionError); retry 2/2.
2026-09-07 15:45:53,928 WARNING orchestrator | Decision tick skipped on a transient network error (ConnectionError); retrying next tick.
2026-09-07 15:45:53,967 WARNING orchestrator | Watchdog tick skipped on a transient network error (ConnectionError); retrying next tick (152 in a row).
2026-09-07 15:46:24,099 WARNING alpaca | get_clock: transient network error (ConnectionError); retry 1/2.
2026-09-07 15:46:24,111 WARNING alpaca | get_account: transient network error (ConnectionError); retry 1/2.
2026-09-07 15:46:24,756 WARNING alpaca | get_clock: transient network error (ConnectionError); retry 2/2.
2026-09-07 15:46:24,766 WARNING alpaca | get_account: transient network error (ConnectionError); retry 2/2.
2026-09-07 15:46:25,892 WARNING orchestrator | Watchdog tick skipped on a transient network error (ConnectionError); retrying next tick (153 in a row).
2026-09-07 15:46:25,904 WARNING orchestrator | Decision tick skipped on a transient network error (ConnectionError); retrying next tick.
2026-09-07 15:46:56,009 WARNING alpaca | get_clock: transient network error (ConnectionError); retry 1/2.
2026-09-07 15:46:56,012 WARNING alpaca | get_account: transient network error (ConnectionError); retry 1/2.
2026-09-07 15:46:56,570 WARNING alpaca | get_clock: transient network error (ConnectionError); retry 2/2.
2026-09-07 15:46:56,661 WARNING alpaca | get_account: transient network error (ConnectionError); retry 2/2.
2026-09-07 15:46:57,722 WARNING orchestrator | Decision tick skipped on a transient network error (ConnectionError); retrying next tick.
2026-09-07 15:46:57,730 WARNING orchestrator | Watchdog tick skipped on a transient network error (ConnectionError); retrying next tick (154 in a row).
2026-09-07 15:47:27,894 WARNING alpaca | get_clock: transient network error (ConnectionError); retry 1/2.
2026-09-07 15:47:27,902 WARNING alpaca | get_account: transient network error (ConnectionError); retry 1/2.
2026-09-07 15:47:28,545 WARNING alpaca | get_clock: transient network error (ConnectionError); retry 2/2.
2026-09-07 15:47:28,549 WARNING alpaca | get_account: transient network error (ConnectionError); retry 2/2.
2026-09-07 15:47:29,641 WARNING orchestrator | Watchdog tick skipped on a transient network error (ConnectionError); retrying next tick (155 in a row).
2026-09-07 15:47:29,655 WARNING orchestrator | Decision tick skipped on a transient network error (ConnectionError); retrying next tick.
2026-09-07 15:47:59,800 WARNING alpaca | get_account: transient network error (ConnectionError); retry 1/2.
2026-09-07 15:47:59,810 WARNING alpaca | get_clock: transient network error (ConnectionError); retry 1/2.
2026-09-07 15:48:00,455 WARNING alpaca | get_account: transient network error (ConnectionError); retry 2/2.
2026-09-07 15:48:00,458 WARNING alpaca | get_clock: transient network error (ConnectionError); retry 2/2.
2026-09-07 15:48:01,613 WARNING orchestrator | Watchdog tick skipped on a transient network error (ConnectionError); retrying next tick (156 in a row).
2026-09-07 15:48:01,614 WARNING orchestrator | Decision tick skipped on a transient network error (ConnectionError); retrying next tick.
2026-09-07 15:48:31,772 WARNING alpaca | get_account: transient network error (ConnectionError); retry 1/2.
2026-09-07 15:48:31,776 WARNING alpaca | get_clock: transient network error (ConnectionError); retry 1/2.
2026-09-07 15:48:32,425 WARNING alpaca | get_clock: transient network error (ConnectionError); retry 2/2.
2026-09-07 15:48:32,438 WARNING alpaca | get_account: transient network error (ConnectionError); retry 2/2.
2026-09-07 15:48:33,586 WARNING orchestrator | Decision tick skipped on a transient network error (ConnectionError); retrying next tick.
2026-09-07 15:48:33,589 WARNING orchestrator | Watchdog tick skipped on a transient network error (ConnectionError); retrying next tick (157 in a row).
2026-09-07 15:49:03,740 WARNING alpaca | get_account: transient network error (ConnectionError); retry 1/2.
2026-09-07 15:49:03,743 WARNING alpaca | get_clock: transient network error (ConnectionError); retry 1/2.
2026-09-07 15:49:04,371 WARNING alpaca | get_account: transient network error (ConnectionError); retry 2/2.
2026-09-07 15:49:04,398 WARNING alpaca | get_clock: transient network error (ConnectionError); retry 2/2.
2026-09-07 15:49:05,523 WARNING orchestrator | Watchdog tick skipped on a transient network error (ConnectionError); retrying next tick (158 in a row).
2026-09-07 15:49:05,555 WARNING orchestrator | Decision tick skipped on a transient network error (ConnectionError); retrying next tick.
2026-09-07 15:49:35,652 WARNING alpaca | get_account: transient network error (ConnectionError); retry 1/2.
2026-09-07 15:49:35,689 WARNING alpaca | get_clock: transient network error (ConnectionError); retry 1/2.
2026-09-07 15:49:36,298 WARNING alpaca | get_clock: transient network error (ConnectionError); retry 2/2.
2026-09-07 15:49:36,309 WARNING alpaca | get_account: transient network error (ConnectionError); retry 2/2.
2026-09-07 15:49:37,317 WARNING orchestrator | Decision tick skipped on a transient network error (ConnectionError); retrying next tick.
2026-09-07 15:49:37,468 WARNING orchestrator | Watchdog tick skipped on a transient network error (ConnectionError); retrying next tick (159 in a row).
2026-09-07 15:50:07,481 WARNING alpaca | get_clock: transient network error (ConnectionError); retry 1/2.
2026-09-07 15:50:07,622 WARNING alpaca | get_account: transient network error (ConnectionError); retry 1/2.
2026-09-07 15:50:08,063 WARNING alpaca | get_clock: transient network error (ConnectionError); retry 2/2.
2026-09-07 15:50:08,282 WARNING alpaca | get_account: transient network error (ConnectionError); retry 2/2.
2026-09-07 15:50:09,221 WARNING orchestrator | Decision tick skipped on a transient network error (ConnectionError); retrying next tick.
2026-09-07 15:50:09,399 WARNING orchestrator | Watchdog tick skipped on a transient network error (ConnectionError); retrying next tick (160 in a row).
2026-09-07 15:50:39,467 WARNING alpaca | get_clock: transient network error (ConnectionError); retry 1/2.
2026-09-07 15:50:39,556 WARNING alpaca | get_account: transient network error (ConnectionError); retry 1/2.
2026-09-07 15:50:40,139 WARNING alpaca | get_clock: transient network error (ConnectionError); retry 2/2.
2026-09-07 15:50:40,222 WARNING alpaca | get_account: transient network error (ConnectionError); retry 2/2.
2026-09-07 15:50:41,298 WARNING orchestrator | Decision tick skipped on a transient network error (ConnectionError); retrying next tick.
2026-09-07 15:50:41,382 WARNING orchestrator | Watchdog tick skipped on a transient network error (ConnectionError); retrying next tick (161 in a row).
2026-09-07 15:51:11,455 WARNING alpaca | get_clock: transient network error (ConnectionError); retry 1/2.
2026-09-07 15:51:11,516 WARNING alpaca | get_account: transient network error (ConnectionError); retry 1/2.
2026-09-07 15:51:12,041 WARNING alpaca | get_clock: transient network error (ConnectionError); retry 2/2.
2026-09-07 15:51:12,046 WARNING alpaca | get_account: transient network error (ConnectionError); retry 2/2.
2026-09-07 15:51:13,059 WARNING orchestrator | Watchdog tick skipped on a transient network error (ConnectionError); retrying next tick (162 in a row).
2026-09-07 15:51:13,064 WARNING orchestrator | Decision tick skipped on a transient network error (ConnectionError); retrying next tick.
2026-09-07 15:51:43,189 WARNING alpaca | get_clock: transient network error (ConnectionError); retry 1/2.
2026-09-07 15:51:43,192 WARNING alpaca | get_account: transient network error (ConnectionError); retry 1/2.
2026-09-07 15:51:43,844 WARNING alpaca | get_account: transient network error (ConnectionError); retry 2/2.
2026-09-07 15:51:43,853 WARNING alpaca | get_clock: transient network error (ConnectionError); retry 2/2.
2026-09-07 15:51:44,991 WARNING orchestrator | Watchdog tick skipped on a transient network error (ConnectionError); retrying next tick (163 in a row).
2026-09-07 15:51:45,006 WARNING orchestrator | Decision tick skipped on a transient network error (ConnectionError); retrying next tick.
2026-09-07 15:52:15,122 WARNING alpaca | get_clock: transient network error (ConnectionError); retry 1/2.
2026-09-07 15:52:15,124 WARNING alpaca | get_account: transient network error (ConnectionError); retry 1/2.
2026-09-07 15:52:15,773 WARNING alpaca | get_clock: transient network error (ConnectionError); retry 2/2.
2026-09-07 15:52:15,777 WARNING alpaca | get_account: transient network error (ConnectionError); retry 2/2.
2026-09-07 15:52:16,866 WARNING orchestrator | Decision tick skipped on a transient network error (ConnectionError); retrying next tick.
2026-09-07 15:52:16,922 WARNING orchestrator | Watchdog tick skipped on a transient network error (ConnectionError); retrying next tick (164 in a row).
2026-09-07 15:52:47,036 WARNING alpaca | get_clock: transient network error (ConnectionError); retry 1/2.
2026-09-07 15:52:47,078 WARNING alpaca | get_account: transient network error (ConnectionError); retry 1/2.
2026-09-07 15:52:47,678 WARNING alpaca | get_clock: transient network error (ConnectionError); retry 2/2.
2026-09-07 15:52:47,734 WARNING alpaca | get_account: transient network error (ConnectionError); retry 2/2.
2026-09-07 15:52:48,797 WARNING orchestrator | Decision tick skipped on a transient network error (ConnectionError); retrying next tick.
2026-09-07 15:52:48,868 WARNING orchestrator | Watchdog tick skipped on a transient network error (ConnectionError); retrying next tick (165 in a row).
2026-09-07 15:53:18,978 WARNING alpaca | get_clock: transient network error (ConnectionError); retry 1/2.
2026-09-07 15:53:19,025 WARNING alpaca | get_account: transient network error (ConnectionError); retry 1/2.
2026-09-07 15:53:19,569 WARNING alpaca | get_account: transient network error (ConnectionError); retry 2/2.
2026-09-07 15:53:19,592 WARNING alpaca | get_clock: transient network error (ConnectionError); retry 2/2.
2026-09-07 15:53:20,696 WARNING orchestrator | Watchdog tick skipped on a transient network error (ConnectionError); retrying next tick (166 in a row).
2026-09-07 15:53:20,747 WARNING orchestrator | Decision tick skipped on a transient network error (ConnectionError); retrying next tick.
2026-09-07 15:53:50,888 WARNING alpaca | get_account: transient network error (ConnectionError); retry 1/2.
2026-09-07 15:53:50,907 WARNING alpaca | get_clock: transient network error (ConnectionError); retry 1/2.
2026-09-07 15:53:51,529 WARNING alpaca | get_clock: transient network error (ConnectionError); retry 2/2.
2026-09-07 15:53:51,533 WARNING alpaca | get_account: transient network error (ConnectionError); retry 2/2.
2026-09-07 15:53:52,560 WARNING orchestrator | Decision tick skipped on a transient network error (ConnectionError); retrying next tick.
2026-09-07 15:53:52,669 WARNING orchestrator | Watchdog tick skipped on a transient network error (ConnectionError); retrying next tick (167 in a row).
2026-09-07 15:54:22,721 WARNING alpaca | get_clock: transient network error (ConnectionError); retry 1/2.
2026-09-07 15:54:22,807 WARNING alpaca | get_account: transient network error (ConnectionError); retry 1/2.
2026-09-07 15:54:23,338 WARNING alpaca | get_clock: transient network error (ConnectionError); retry 2/2.
2026-09-07 15:54:23,465 WARNING alpaca | get_account: transient network error (ConnectionError); retry 2/2.
2026-09-07 15:54:24,472 WARNING orchestrator | Decision tick skipped on a transient network error (ConnectionError); retrying next tick.
2026-09-07 15:54:24,624 WARNING orchestrator | Watchdog tick skipped on a transient network error (ConnectionError); retrying next tick (168 in a row).
2026-09-07 15:54:54,501 WARNING alpaca | get_clock: transient network error (ConnectionError); retry 1/2.
2026-09-07 15:54:54,751 WARNING alpaca | get_account: transient network error (ConnectionError); retry 1/2.
2026-09-07 15:54:55,153 WARNING alpaca | get_clock: transient network error (ConnectionError); retry 2/2.
2026-09-07 15:54:55,389 WARNING alpaca | get_account: transient network error (ConnectionError); retry 2/2.
2026-09-07 15:54:56,309 WARNING orchestrator | Decision tick skipped on a transient network error (ConnectionError); retrying next tick.
2026-09-07 15:54:56,536 WARNING orchestrator | Watchdog tick skipped on a transient network error (ConnectionError); retrying next tick (169 in a row).
2026-09-07 15:55:26,454 WARNING alpaca | get_clock: transient network error (ConnectionError); retry 1/2.
2026-09-07 15:55:26,693 WARNING alpaca | get_account: transient network error (ConnectionError); retry 1/2.
2026-09-07 15:55:27,113 WARNING alpaca | get_clock: transient network error (ConnectionError); retry 2/2.
2026-09-07 15:55:27,352 WARNING alpaca | get_account: transient network error (ConnectionError); retry 2/2.
2026-09-07 15:55:28,229 WARNING orchestrator | Decision tick skipped on a transient network error (ConnectionError); retrying next tick.
2026-09-07 15:55:28,490 WARNING orchestrator | Watchdog tick skipped on a transient network error (ConnectionError); retrying next tick (170 in a row).
2026-09-07 15:55:58,374 WARNING alpaca | get_clock: transient network error (ConnectionError); retry 1/2.
2026-09-07 15:55:58,616 WARNING alpaca | get_account: transient network error (ConnectionError); retry 1/2.
2026-09-07 15:55:59,003 WARNING alpaca | get_clock: transient network error (ConnectionError); retry 2/2.
2026-09-07 15:55:59,275 WARNING alpaca | get_account: transient network error (ConnectionError); retry 2/2.
2026-09-07 15:56:00,113 WARNING orchestrator | Decision tick skipped on a transient network error (ConnectionError); retrying next tick.
2026-09-07 15:56:00,416 WARNING orchestrator | Watchdog tick skipped on a transient network error (ConnectionError); retrying next tick (171 in a row).
2026-09-07 15:56:30,295 WARNING alpaca | get_clock: transient network error (ConnectionError); retry 1/2.
2026-09-07 15:56:30,574 WARNING alpaca | get_account: transient network error (ConnectionError); retry 1/2.
2026-09-07 15:56:30,938 WARNING alpaca | get_clock: transient network error (ConnectionError); retry 2/2.
2026-09-07 15:56:31,178 WARNING alpaca | get_account: transient network error (ConnectionError); retry 2/2.
2026-09-07 15:56:32,050 WARNING orchestrator | Decision tick skipped on a transient network error (ConnectionError); retrying next tick.
2026-09-07 15:56:32,332 WARNING orchestrator | Watchdog tick skipped on a transient network error (ConnectionError); retrying next tick (172 in a row).
2026-09-07 15:57:02,224 WARNING alpaca | get_clock: transient network error (ConnectionError); retry 1/2.
2026-09-07 15:57:02,489 WARNING alpaca | get_account: transient network error (ConnectionError); retry 1/2.
2026-09-07 15:57:02,820 WARNING alpaca | get_clock: transient network error (ConnectionError); retry 2/2.
2026-09-07 15:57:03,134 WARNING alpaca | get_account: transient network error (ConnectionError); retry 2/2.
2026-09-07 15:57:03,972 WARNING orchestrator | Decision tick skipped on a transient network error (ConnectionError); retrying next tick.
2026-09-07 15:57:04,280 WARNING orchestrator | Watchdog tick skipped on a transient network error (ConnectionError); retrying next tick (173 in a row).
2026-09-07 15:57:34,138 WARNING alpaca | get_clock: transient network error (ConnectionError); retry 1/2.
2026-09-07 15:57:34,440 WARNING alpaca | get_account: transient network error (ConnectionError); retry 1/2.
2026-09-07 15:57:34,801 WARNING alpaca | get_clock: transient network error (ConnectionError); retry 2/2.
2026-09-07 15:57:35,092 WARNING alpaca | get_account: transient network error (ConnectionError); retry 2/2.
2026-09-07 15:57:35,960 WARNING orchestrator | Decision tick skipped on a transient network error (ConnectionError); retrying next tick.
2026-09-07 15:57:36,240 WARNING orchestrator | Watchdog tick skipped on a transient network error (ConnectionError); retrying next tick (174 in a row).
2026-09-07 15:58:06,457 INFO orchestrator | Market closed; skipping decision cycle.
2026-09-07 15:58:06,525 INFO orchestrator | Equity close row skipped for 2026-09-07 (not a session).
2026-09-07 16:50:19,100 INFO orchestrator | Market closed; skipping decision cycle.
2026-09-07 16:50:19,168 INFO orchestrator | Equity close row skipped for 2026-09-07 (not a session).
2026-09-07 17:42:31,782 INFO orchestrator | Market closed; skipping decision cycle.
2026-09-07 17:42:31,933 INFO orchestrator | Equity close row skipped for 2026-09-07 (not a session).
2026-09-07 18:34:44,964 INFO orchestrator | Market closed; skipping decision cycle.
2026-09-07 18:34:45,106 INFO orchestrator | Equity close row skipped for 2026-09-07 (not a session).
2026-09-07 19:26:56,776 INFO orchestrator | Market closed; skipping decision cycle.
2026-09-07 19:26:56,838 INFO orchestrator | Equity close row skipped for 2026-09-07 (not a session).
2026-09-07 20:19:09,850 INFO orchestrator | Market closed; skipping decision cycle.
2026-09-07 20:19:09,973 INFO orchestrator | Equity close row skipped for 2026-09-07 (not a session).
2026-09-07 21:11:22,957 INFO orchestrator | Market closed; skipping decision cycle.
2026-09-07 21:11:23,016 INFO orchestrator | Equity close row skipped for 2026-09-07 (not a session).
2026-09-07 22:03:36,126 INFO orchestrator | Market closed; skipping decision cycle.
2026-09-07 22:03:36,193 INFO orchestrator | Equity close row skipped for 2026-09-07 (not a session).
2026-09-07 22:55:49,989 INFO orchestrator | Market closed; skipping decision cycle.
2026-09-07 22:55:50,052 INFO orchestrator | Equity close row skipped for 2026-09-07 (not a session).
2026-09-07 23:48:03,396 INFO orchestrator | Market closed; skipping decision cycle.
